step,damaged_neurons,dead_neurons,healthy_neurons,neurons_total,total_pro_inflammation,total_anti_inflammation,mean_pro_inflammation,mean_anti_inflammation,microglia_total,microglia_M0,microglia_M1,microglia_M2,microglia_LDAM,microglia_DAM,astrocytes_total,astrocytes_A0,astrocytes_A1,astrocytes_A2,total_ld_neurons,total_ld_microglia,total_ld_astrocytes,total_amyloid_patches,average_amyloid_value,amyloid_monomers_population,amyloid_polymers_population,amyloid_plaques_population,microglia_TREM2_mutant,total_neuron_toxic_lipids,neurons_with_toxic_lipids,LDAM_fraction,DAM_fraction,TREM2_mutant_fraction,total_inflammation,mean_inflammation
1,5,0,15,20,9.66411184,16.6185,0.008874299210284665,0.015260330578512397,15,11,2,2,0,0,20,17,0,3,0.9,0.0,19.8,8.024089056224888,0.4457827253458272,0.39574980976801577,3.098459372007177,4.529879874449697,0,0.0,0,0.0,0.0,0.0,26.28261184,0.02413462978879706
3,3,0,17,20,19.3924774489472,31.612950000000005,0.01780760096322057,0.029029338842975212,15,11,2,2,0,0,20,15,2,3,1.2868000000000002,0.0,18.66,8.184570837349387,0.16369141674698778,0.5552422163680935,3.0986142949757776,4.5307143260055165,0,0.0,0,0.0,0.0,0.0,51.0054274489472,0.046836939806195785
5,3,0,17,20,30.199920921518185,45.11956500000001,0.02773179147981468,0.041432107438016536,15,11,2,2,0,0,20,14,3,3,1.861064,0.0,17.262,8.348262254096376,0.08518634953159569,0.7175569114114693,3.0989253028352426,4.531780039849665,0,0.0,0,0.0,0.0,0.0,75.3194859215182,0.06916389891783122
7,2,0,18,20,38.832672395404,57.256645500000005,0.035659019646835634,0.052577268595041325,15,11,2,2,0,0,20,14,3,3,1.8027880000000003,0.0,16.2834,8.515227499178309,0.05256313271097721,1.109344062018908,3.09939358365109,4.30648985350831,0,0.0,0,0.0,0.0,0.0,96.08931789540401,0.08823628824187696
9,2,0,18,20,45.72201655760925,68.16680685,0.04198532282608747,0.06259578223140495,15,11,2,2,0,0,20,14,3,3,2.16673224,0.0,15.59838,8.685532049161875,0.03589062830232181,1.4318986659709958,2.9450477533316466,4.308585629859233,0,0.0,0,0.0,0.0,0.0,113.88882340760925,0.10458110505749242
11,0,0,20,20,51.226541129985954,77.97670429500002,0.04703998267216341,0.07160395252066118,15,11,2,2,0,0,20,14,3,3,0.696875689024,0.0,15.118866,8.859242690145113,0.028035578133370608,1.8175404959996708,2.9462187778061555,4.0954834163392855,0,0.0,0,0.0,0.0,0.0,129.20324542498597,0.1186439351928246
13,0,0,20,20,55.63302033203641,90.0661385565,0.05108633639305456,0.08270536139256197,15,10,2,3,0,0,20,14,3,3,0.68293817524352,0.0,14.1832062,9.036427543948012,0.022704591818964854,2.1376511925244364,2.8002310392489234,4.098545312174652,0,0.0,0,0.0,0.0,0.0,145.6991588885364,0.13379169778561653
15,0,0,20,20,64.67527448622062,111.07249798455001,0.05938960007917412,0.10199494764421489,15,9,3,3,0,0,20,10,4,6,0.6692794117386496,0.0,13.22824434,9.217156094826976,0.01888761494841593,2.313253506884991,2.802075025416433,4.101827562525551,0,0.0,0,0.0,0.0,0.0,175.74777247077063,0.161384547723389
17,0,0,20,20,74.97604516162954,136.47232948468502,0.06884852631921905,0.12531894351210746,15,7,3,5,0,0,20,9,5,6,0.6558938235038766,0.0,11.959771038,9.401499216723513,0.016043514021712484,2.4815259901049864,2.8146316461198873,4.1053415804986395,0,0.0,0,0.0,0.0,0.0,211.44837464631456,0.1941674698313265
19,0,0,20,20,83.6036319656961,165.9300534452295,0.07677101190605702,0.15236919508285537,15,6,3,6,0,0,20,8,5,7,0.642775947033799,1.25,11.0718397266,9.487529201057988,0.01371030231366761,2.79405805109407,2.5843904183358384,4.1090807316280795,0,0.0,0,0.0,0.0,0.0,249.5336854109256,0.2291402069889124
21,0,0,20,20,96.66663187497971,189.20351793701565,0.08876642045452683,0.1737406041662219,15,5,5,5,0,0,20,8,5,7,0.6299204280931231,3.725,10.15028780862,9.473279785079146,0.012067872337680441,3.0924448958645936,2.267779021656034,4.1130558675585185,0,0.0,0,0.0,0.0,0.0,285.87014981199536,0.2625070246207487
23,0,0,20,20,109.54295673150264,210.13719502873047,0.10059041022176551,0.19296344814392147,15,4,6,5,0,0,20,8,5,7,0.6173220195312606,4.9005,9.505201466034,9.560745380780727,0.011130087754110273,3.586699748103249,5.974045632677477,0.0,0,0.0,0,0.0,0.0,0.0,319.6801517602331,0.293553858365687
25,0,0,20,20,119.84011340056509,228.9687957456489,0.11004601781502762,0.21025601078571982,15,4,6,5,0,0,20,8,5,7,0.6049755791406354,6.05249,9.0536410262238,9.649960288396342,0.010342937072236163,5.733375171284665,3.9165851171116772,0.0,0,0.0,0,0.0,0.0,0.0,348.808909146214,0.3203020286007474
27,0,0,20,20,130.55332418381954,245.911140324938,0.11988367693647341,0.22581371930664645,15,4,6,5,1,0,20,8,5,7,0.5928760675578226,10.9314402,8.73754871835666,9.638959494164267,0.009571955803539492,5.917166575882147,3.72179291828212,0.0,0,0.0,0,0.06666666666666667,0.0,0.0,376.46446450875754,0.34569739624311985
29,0,0,20,20,136.95862654453865,261.15498320014206,0.12576549728607772,0.2398117384757962,15,4,6,5,1,0,20,8,5,7,0.5810185462066662,13.212811396,8.516284102849662,9.627738684047555,0.008906326257213278,6.100505307309794,3.5272333767377604,0.0,0,0.0,0,0.06666666666666667,0.0,0.0,398.11360974468073,0.36557723576187395
31,0,0,20,20,145.69249694464358,271.4964547155163,0.13378558029811163,0.24930803922453285,15,4,6,5,1,0,20,8,6,6,0.5693981752825329,16.69855516808,8.361398871994764,9.718293457728503,0.008924052761917817,6.2854449602795075,3.432848497448996,0.0,0,0.0,0,0.06666666666666667,0.0,0.0,417.1889516601599,0.3830936195226445
33,1,0,19,20,156.91211283288683,277.4266881287366,0.14408825788143878,0.25475361627983156,15,4,6,5,2,0,20,8,7,5,1.0500102117768824,16.064584064718403,8.352979210396335,9.912659326883075,0.009102533817156176,6.473997481758367,3.4386618451247077,0.0,0,0.7124999999999999,2,0.13333333333333333,0.0,0.0,434.3388009616234,0.39884187416127037
35,0,0,20,20,160.84402294852697,285.41878453520326,0.1476988273172883,0.2620925477825558,15,4,6,5,2,0,20,8,6,6,0.6432820075413446,17.943292383424033,8.247085447277435,9.906912513420737,0.00909725666980784,6.662293293879794,3.2446192195409433,0.0,0,1.3893749999999998,3,0.13333333333333333,0.0,0.0,446.2628074837302,0.4097913750998441
37,0,0,20,20,161.35162132298115,290.2387417352212,0.14816494152707177,0.26651858745199375,15,5,6,4,2,0,20,8,5,7,0.6304163673905177,19.88442653575555,7.872959813094204,10.003050763689155,0.009185537891358269,7.009491685417597,2.9935590782715584,0.0,0,1.79490625,3,0.13333333333333333,0.0,0.0,451.59036305820234,0.4146835289790655
39,0,0,20,20,165.65543487717375,291.1966525191758,0.15211702008923209,0.2673982116796839,15,5,6,4,2,0,20,8,6,6,0.6178080400427073,20.53673800504044,7.611071869165943,10.203111778962938,0.009369248649185435,7.182320907630609,3.020790871332331,0.0,0,2.1801609374999997,3,0.13333333333333333,0.0,0.0,456.8520873963496,0.41951523176891603
41,0,0,20,20,169.63704330607305,292.055236737492,0.15577322617637562,0.26818662693984574,15,5,6,4,2,0,20,8,6,6,0.6112430576866531,21.176003244939636,7.42775030841616,10.407174014542196,0.009556633622169143,5.355129192070709,5.052044822471487,0.0,0,2.4036528906249996,3,0.13333333333333333,0.0,0.0,461.69228004356506,0.42395985311622136
43,0,0,20,20,172.41739077755108,289.4504876929064,0.1583263459848954,0.2657947545389407,15,5,6,4,2,0,20,9,6,5,0.5990181965329201,20.352483180040842,7.299425215891312,10.61531749483304,0.009747766294612525,5.5515885155064755,5.063728979326566,0.0,0,3.0909702460937503,4,0.13333333333333333,0.0,0.0,461.86787847045747,0.4241211005238361
45,0,0,20,20,175.0608103871529,287.1044811640303,0.16075372854651324,0.26364047857119405,15,5,6,4,2,0,20,9,6,5,0.5870378326022616,20.89543351644003,7.209597651123918,10.7256238447297,0.009849057708659044,5.7498573042115115,4.975766540518189,0.0,0,3.648921733789062,4,0.13333333333333333,0.0,0.0,462.1652915511832,0.42439420711770726
47,0,0,20,20,174.2245352349659,288.2318626159175,0.15998579911383462,0.2646757232469399,15,6,5,4,2,0,20,9,6,5,0.5752970759502164,21.42752484611123,7.146718355786743,10.838136321624294,0.009952374950986496,5.949978702330281,4.888157619294013,0.0,0,4.178975647099609,4,0.13333333333333333,0.0,0.0,462.45639785088343,0.4246615223607745
49,0,0,20,20,175.41727603585093,292.6206570521289,0.1610810615572552,0.2687058375134333,15,5,6,4,2,0,20,8,6,6,0.563791134431212,20.798974349189002,7.10270284905072,11.05489904805678,0.010151422450006227,6.1540651700027755,4.900833878054005,0.0,0,4.302526864744628,4,0.13333333333333333,0.0,0.0,468.0379330879798,0.4297868990706885
51,0,0,20,20,175.31688567473628,299.94497783537815,0.16098887573437676,0.2754315682602187,15,5,6,4,2,0,20,7,6,7,0.5525153117425877,20.082994862205226,7.071891994335504,11.275997029017915,0.01035445089900635,8.410529357959874,2.865467671058043,0.0,0,4.657400521507397,4,0.13333333333333333,0.0,0.0,475.26186351011444,0.43642044399459545
53,0,0,20,20,177.9377563713151,303.16145059376385,0.16339555222342983,0.27838517042586214,15,5,6,4,2,0,20,8,6,6,0.5414650055077359,23.23133496496112,7.050324396034853,11.399516969598272,0.010467876005140746,8.764160959221805,2.635356010376467,0.0,0,4.899530495432027,4,0.13333333333333333,0.0,0.0,481.0992069650789,0.44178072264929197
55,0,0,20,20,179.46513678336086,306.05598491373394,0.16479810540253523,0.28104314500802013,15,5,6,4,2,0,20,8,6,6,0.5306357053975812,24.016708265661897,7.0352270772243966,11.525507308990239,0.010583569613397832,8.981434328197466,2.544072980792772,0.0,0,4.654553970660425,4,0.13333333333333333,0.0,0.0,485.5211216970948,0.44584125041055533
57,1,0,19,20,180.43522776855053,308.6608619879031,0.16568891438801703,0.28343513497511763,15,5,6,4,2,0,20,8,6,6,0.9200229912896296,23.53637410034866,7.024658954057078,11.756017455170042,0.010795241005665788,9.20310761654444,2.5529098386256037,0.0,0,4.4218262721274035,4,0.13333333333333333,0.0,0.0,489.09608975645364,0.44912404936313466
59,1,0,19,20,183.9558254289667,311.0051086849926,0.1689217864361494,0.28558779493571407,15,4,7,4,2,0,20,8,6,6,1.101622531463837,22.765646618341687,7.017261267839954,11.991137804273446,0.011011145825779107,9.429280253315419,2.5618575509580253,0.0,0,4.913234958521033,6,0.13333333333333333,0.0,0.0,494.9609341139593,0.4545095813718635
61,1,0,18,19,187.74320931577287,313.1148308436091,0.1723996412449705,0.2875250971933968,15,4,7,4,2,0,20,8,6,6,0.9473460419620205,23.2473173991101,7.1120828874879685,12.230960560358909,0.011231368742294683,9.659983954459747,2.5709766058991628,0.0,0,5.142573210594981,6,0.13333333333333333,0.0,0.0,500.85804015938197,0.45992473843836734
63,1,0,18,19,186.66026288218444,311.7748608782293,0.1714052000754678,0.2862946380883648,15,5,7,3,2,0,20,8,6,6,1.02839912112278,22.682371051127898,7.178458021241577,12.475579771566089,0.011455996117140578,9.895331324834515,2.5802484467315723,0.0,0,5.122944550065232,6,0.13333333333333333,0.0,0.0,498.4351237604137,0.45769983816383264
65,1,0,18,19,189.30843801155584,307.1947839736932,0.17383694950556092,0.2820888741723537,15,5,7,3,2,0,20,8,7,5,1.2078311387003247,22.02872363010534,7.124920614869104,12.72509136699741,0.011685116039483388,10.135405543861904,2.589685823135505,0.0,0,5.34179732256197,6,0.13333333333333333,0.0,0.0,496.503221985249,0.45592582367791457
67,1,0,18,19,190.37508394487233,306.4469920046246,0.17481642235525466,0.28140219651480675,15,4,8,3,2,0,20,8,6,6,1.3836745159263182,22.738149157503237,7.0874444304083735,12.979593194337358,0.011918818360273056,10.380472646452555,2.599120547884803,0.0,0,5.312207456433871,6,0.13333333333333333,0.0,0.0,496.82207594949693,0.45621861887006143
69,1,0,18,19,194.0520921339603,305.77347330397265,0.17819292206975232,0.28078372204221547,15,4,8,3,2,0,20,7,7,6,1.5560010256077916,22.083386174353173,7.061211101285862,13.239185058224106,0.012157194727478518,10.63040425785317,2.608780800370934,0.0,0,5.5215970836121775,6,0.13333333333333333,0.0,0.0,499.82556543793294,0.4589766441119678
71,1,0,18,19,197.23112547663138,305.16695232344273,0.18111214460664038,0.2802267698103239,15,4,8,3,2,0,20,7,7,6,1.7248810050956358,21.44171845086611,7.042847770900103,13.503968759388586,0.012400338622028087,10.885308403089276,2.6186603562993094,0.0,0,5.720517229431568,6,0.13333333333333333,0.0,0.0,502.39807780007413,0.4613389144169643
73,1,0,18,19,197.00081718098727,304.62083553600564,0.1809006585683997,0.27972528515703,15,5,7,3,2,0,20,7,7,6,1.790383384993723,20.912884081848787,7.129993439630072,13.774048134576358,0.012648345394468649,11.145314926100816,2.628733208475542,0.0,0,5.67199136795999,6,0.13333333333333333,0.0,0.0,501.6216527169929,0.4606259437254297
75,1,0,18,19,195.5497312466763,304.13759082502,0.17956816459749889,0.2792815342745822,15,5,7,3,2,0,20,7,7,6,1.8545757172938482,20.394626400211813,7.190995407741051,14.049529097267886,0.012901312302358022,11.410498558156426,2.639030539111459,0.0,0,5.625891799561989,6,0.13333333333333333,0.0,0.0,499.6873220716963,0.45884969887208105
77,1,0,18,19,194.48764161610578,303.70326243307886,0.17859287568053792,0.2788827019587501,15,5,7,3,2,0,20,7,7,6,2.017484202947971,19.886733872207575,7.133696785418735,14.330519679213246,0.013159338548405185,11.681005966086774,2.6495137131264714,0.0,0,5.58209720958389,6,0.13333333333333333,0.0,0.0,498.1909040491846,0.45747557763928803
79,1,0,18,19,193.65010806561978,303.31136630387925,0.17782379069386572,0.27852283407151446,15,5,7,3,2,0,20,7,7,6,2.0771345188890113,19.488999194763426,7.193587749793115,14.617130072797508,0.013422525319373286,11.956993536633005,2.6601365361645035,0.0,0,5.302992349104695,6,0.13333333333333333,0.0,0.0,496.961474369499,0.4563466247653802
81,1,0,18,19,193.11516540174028,306.19933581146864,0.17733256694374683,0.28117478035947535,15,4,7,4,2,0,20,7,7,6,2.235591828511231,19.099219210868156,7.1355114248551805,14.909472674253458,0.01369097582576075,12.371484526285666,2.537988147967792,0.0,0,5.03784273164946,6,0.13333333333333333,0.0,0.0,499.3145012132089,0.4585073473032222
83,1,0,18,19,192.65756608223927,308.79759448384533,0.1769123655484291,0.28356069282263113,15,4,7,4,2,0,20,7,7,6,2.3908799919410066,18.517234826650796,7.094857997398626,15.20766212773853,0.013964795342275968,12.658239762913555,2.549422364824976,0.0,0,5.260950595066986,7,0.13333333333333333,0.0,0.0,501.4551605660846,0.46047305837106023
85,0,1,18,19,195.1063329836813,311.1352612107279,0.17916100365810955,0.28570731056999804,15,4,7,4,2,0,20,7,7,6,3.38358779491623,17.846890130117778,7.0664005981790385,15.511815370293299,0.014244091249121486,12.950766219703395,2.5610491505899042,0.0,0,5.76329814647885,7,0.13333333333333333,0.0,0.0,506.24159419440923,0.4648683142281076
87,1,0,17,18,196.99874282752302,313.2384741781867,0.18089875374428194,0.2876386356089869,15,4,7,4,2,0,20,7,7,6,0.7501713011297644,21.01622246821761,7.046480418725327,15.822051677699164,0.014528973074103916,13.249138413655892,2.572913264043271,0.0,0,4.47012669701585,6,0.13333333333333333,0.0,0.0,510.23721700570974,0.46853738935326883
89,1,0,17,18,195.50400634375492,315.13098007286794,0.17952617662420103,0.2893764738961138,15,4,7,4,2,0,20,7,7,6,0.9351678751071691,20.395898018853256,7.032536293107729,16.13849271125315,0.014819552535585997,13.553577907621325,2.584914803631825,0.0,0,4.721620362165058,6,0.13333333333333333,0.0,0.0,510.63498641662284,0.4689026505203149
91,1,0,17,18,194.51123471661657,316.8339326158482,0.1786145406029537,0.2909402503359488,15,4,7,4,2,0,20,7,7,6,1.1164645176050259,19.687980058476192,7.02277540517541,16.461262565478215,0.015115943586297718,13.864102940167683,2.597159625310531,0.0,0,5.198039344056805,6,0.13333333333333333,0.0,0.0,511.34516733246477,0.4695547909389025
93,1,0,17,18,193.77749477983377,318.3662559063372,0.17794076655632118,0.2923473424300617,15,4,7,4,2,0,20,7,7,6,1.2941352272529254,19.29422045730667,7.015942783622787,16.790487816787774,0.015418262458023668,14.180836774056573,2.6096510427312056,0.0,0,4.938137376853964,6,0.13333333333333333,0.0,0.0,512.143750686171,0.4702881089863829
95,1,0,17,18,193.49243896011413,319.7451464457042,0.17767900730956301,0.29361354127245565,15,4,7,4,2,0,20,7,7,6,1.4682525227078669,19.958336048160536,7.011159948535951,17.126297573123534,0.015726627707184145,14.503876899918648,2.6224206732048847,0.0,0,5.166230508011266,6,0.13333333333333333,0.0,0.0,513.2375854058183,0.47129254858201863
97,1,0,17,18,193.33098430082566,324.3891023448124,0.17753074775098776,0.2978779635856863,15,4,7,4,2,0,20,6,7,7,1.6388874722537095,21.85916932719733,6.407811963975165,17.264823524586003,0.015853832437636366,14.829379346785613,2.43544417780039,0.0,0,5.382918982610702,6,0.13333333333333333,0.0,0.0,517.720086645638,0.47540871133667406
99,1,0,17,18,199.60067809225933,325.18764105853074,0.18328804232530702,0.2986112406414424,15,4,7,4,2,0,20,6,8,6,1.8061097228086354,22.471985940653383,5.985468374782616,17.61011999507772,0.01617090908638909,15.1614789770992,2.448641017978521,0.0,0,5.446273033480167,6,0.13333333333333333,0.0,0.0,524.7883191507901,0.48189928296674944
101,1,0,17,18,207.484652633689,325.9015803926895,0.19052768836886042,0.2992668323165193,15,4,7,4,2,0,20,5,9,6,1.9699875283524626,23.072546221840312,5.6898278623478316,17.962322394979278,0.016494327268116876,15.622652358665189,2.339670036314087,0.0,0,5.648959381806158,6,0.13333333333333333,0.0,0.0,533.3862330263785,0.4897945206853797
103,1,0,17,18,216.95546814385204,326.5409816541754,0.19922448865367498,0.2998539776438709,15,4,7,4,3,0,20,5,9,6,2.130587777785413,22.21109529740351,5.482879503643482,18.321568842878865,0.016824213813479216,15.96787759321267,2.353691249666196,0.0,0,6.17401141271585,6,0.2,0.0,0.0,543.4964497980275,0.4990784662975459
105,1,0,17,18,222.54805544547878,325.493174054178,0.20436001418317612,0.2988918035391901,15,4,7,4,3,0,20,5,9,6,2.287976022229705,21.46687339145544,5.338015652550437,18.68800021973644,0.017160698089748797,16.320033685814597,2.3679665339218428,0.0,0,6.577810842080058,6,0.2,0.0,0.0,548.0412294996568,0.5032518177223662
107,1,0,17,18,227.16509338173285,321.3078161183481,0.20859971844052602,0.2950484996495391,15,5,7,3,2,0,20,5,9,6,2.442216501785111,20.93753592362633,5.236610956785306,19.06176022413117,0.017503912051543773,16.67926067661587,2.3824995475153075,0.0,0,6.486420299976054,6,0.13333333333333333,0.0,0.0,548.472909500081,0.5036482180900651
109,1,0,17,18,231.35203795794948,319.15934708754276,0.21244447930022908,0.293075617160278,15,4,8,3,1,0,20,6,8,6,2.593372171749409,20.318785205153805,5.165627669749714,19.4429954286138,0.017853990292574656,17.04570148419249,2.397293944421304,0.0,0,6.494599284977251,6,0.06666666666666667,0.0,0.0,550.5113850454923,0.5055200964605071
111,2,0,16,18,234.51141948456788,317.2201486634284,0.21534565609234885,0.29129490235392874,15,4,8,3,1,0,20,6,8,6,3.141504728314421,19.712409501050733,5.1159393688248,19.83185533718607,0.018211070098426145,17.419501818338276,2.412353518847794,0.0,0,6.644869320728388,6,0.06666666666666667,0.0,0.0,551.7315681479963,0.5066405584462776
113,2,0,16,18,230.20158893029046,320.482429283441,0.21138805227758536,0.294290568671663,15,4,7,4,0,0,20,4,9,7,3.478674633748133,19.318161311029716,4.78115755817736,20.228492443929795,0.01857529150039467,17.8008105504272,2.427681893502595,0.0,0,6.3126258546919685,6,0.0,0.0,0.0,550.6840182137314,0.5056786209492483
115,2,0,16,18,220.97616660172375,325.17305119660074,0.2029165900842275,0.2985978431557399,15,4,7,4,0,0,20,4,8,8,3.80910114107317,18.93179808480912,4.546810290724152,20.633062292808397,0.018946797330402568,18.189779313074524,2.443282979733873,0.0,0,5.9969945619573695,6,0.0,0.0,0.0,546.1492177983245,0.5015144332399674
117,2,0,16,18,213.72334309541282,329.39128084604454,0.19625651340258293,0.30247133227368644,15,4,7,4,0,0,20,4,8,8,4.132919118251706,18.55316212311294,4.382767203506907,21.04572353866456,0.019325733277010617,18.58656271946841,2.459160819196147,0.0,0,5.697144833859501,6,0.0,0.0,0.0,543.1146239414574,0.4987278456762694
119,2,0,16,18,208.66411051648217,333.185309892263,0.1916107534586613,0.3059552891572663,15,4,7,4,0,0,20,4,8,8,4.450260735886673,18.18209888065068,4.267937042454834,21.46663800943785,0.019712247942550828,18.991293897162574,2.475344112275277,0.0,0,5.412287592166526,6,0.0,0.0,0.0,541.8494204087451,0.4975660426159276
121,2,0,16,18,206.09375184178,333.22322603121387,0.1892504608280808,0.30599010654840575,15,4,7,4,0,0,20,5,8,7,4.761255521168939,17.818456903037667,4.187555929718384,21.895970769626608,0.020106492901401842,19.4043715356436,2.491599233983008,0.0,0,5.141673212558199,6,0.0,0.0,0.0,539.3169778729939,0.4952405673764866
123,2,0,16,18,204.1611679074827,333.25610881168564,0.18747581993340928,0.3060203019391053,15,4,7,4,0,0,20,5,8,7,5.066030410745561,17.462087764976914,4.131289150802869,22.333890185019136,0.020508622759429877,19.825858954581953,2.508031230437184,0.0,0,4.884589551930289,6,0.0,0.0,0.0,537.4172767191683,0.49349612187251457
125,2,0,16,18,205.90432260132698,336.524790245024,0.18907651294887692,0.30902184595502663,15,4,7,4,0,0,20,5,8,7,5.364709802530649,17.112846009677376,4.091902405562008,22.780567988719525,0.02091879521461848,20.25581291964597,2.524755069073557,0.0,0,4.640360074333774,6,0.0,0.0,0.0,542.429112846351,0.4980983589039035
127,1,0,16,17,207.81805212698347,336.2259214157484,0.19083384033699125,0.30874740258562755,15,4,7,4,0,0,20,5,8,7,3.754003517192361,19.008764690797783,4.064331683893406,23.236179348493913,0.02133717111891085,20.694404380827635,2.541774967666279,0.0,0,4.408342070617085,6,0.0,0.0,0.0,544.0439735427319,0.4995812429226188
129,0,0,17,17,205.60833501392364,335.9564198744028,0.1888047153479556,0.30849992642277574,15,4,7,4,0,0,20,5,8,7,0.9036080854660562,18.628589396981827,4.045032178725384,23.70090293546379,0.021763914541289064,21.142008940327635,2.5588939951361556,0.0,0,4.187924967086231,6,0.0,0.0,0.0,541.5647548883264,0.4973046417707313
131,0,0,17,17,207.71768516485534,332.338463501422,0.19074167600078543,0.30517765243473094,15,4,7,4,0,0,20,5,9,6,0.885535923756735,18.25601760904219,4.031522525107769,24.174920994173068,0.022199192832114845,21.598602957362385,2.576318036810685,0.0,0,3.978528718731919,6,0.0,0.0,0.0,540.0561486662773,0.49591932843551634
133,0,0,17,17,209.4546405612748,332.3219788318146,0.19233667636480697,0.3051625149970749,15,3,7,5,0,0,20,5,9,6,0.8678252052816003,17.890897256861344,4.022065767575438,24.658419414056528,0.022643176688757143,22.064368353690895,2.594051060365632,0.0,0,3.779602282795323,6,0.0,0.0,0.0,541.7766193930894,0.4974991913618819
135,0,0,17,17,206.89641342420845,335.68187624041224,0.1899875238055174,0.30824782023912967,15,3,7,5,0,0,20,5,8,7,0.8504687011759683,18.78307931172412,4.015446037302807,25.15158780233766,0.023096040222532286,22.539490334651482,2.6120974676861803,0.0,0,3.5906221686555564,6,0.0,0.0,0.0,542.5782896646207,0.4982353440446471
137,0,0,17,17,207.45972016827218,341.94668359371315,0.19050479354294966,0.31400062772609105,15,3,7,5,0,0,20,4,9,7,0.833459327152449,19.657417725489637,4.010812226111964,25.65461955838441,0.02355796102698293,23.02415774511548,2.630461813268927,0.0,0,3.4110910602227786,6,0.0,0.0,0.0,549.4064037619853,0.5045054212690407
139,0,0,17,17,212.97413474513257,345.9659169261161,0.19556853511949732,0.3176913837705382,15,3,7,5,1,0,20,4,9,7,0.8167901406093999,20.41426937097984,4.0075685582783755,26.167711949552096,0.024029120247522587,21.511208960509418,4.65650298904268,0.0,0,3.4780365072116397,6,0.06666666666666667,0.0,0.0,558.9400516712487,0.5132599188900355
141,0,0,17,17,217.41970592064797,349.5840430212286,0.19965078596937372,0.3210138136099436,15,3,7,5,1,0,20,4,9,7,0.800454337797212,19.905983983560247,4.005297990794863,26.69106618854314,0.02450970265247304,22.001573905301527,4.689492283241611,0.0,0,3.5416346818510576,6,0.06666666666666667,0.0,0.0,567.0037489418766,0.5206645995793173
143,1,0,16,17,223.17836220095865,354.4600435419251,0.2049388082653431,0.3254913163837696,15,3,7,5,1,0,20,4,9,7,1.1844452510412677,19.507864303889043,4.003708593556404,27.224887512314,0.0249998967055225,24.537693395772386,2.687194116541611,0.0,0,3.3645529477585043,6,0.06666666666666667,0.0,0.0,577.6384057428837,0.5304301246491128
145,0,0,16,16,228.19835764623747,358.84823588769024,0.2095485377835055,0.32952087776647404,15,3,7,5,1,0,20,4,9,7,0.7687563460204422,19.91770701781126,4.002596015489483,27.769385262560277,0.025499894639632946,25.020309831398272,2.7490754311620056,0.0,0,3.433825300370579,6,0.06666666666666667,0.0,0.0,587.0465935339278,0.5390694155499796
147,0,0,16,16,229.47290144550325,361.1773210463962,0.2107189177644658,0.3316596152859469,15,2,8,5,1,0,20,4,9,7,0.7533812191000333,19.519352877455034,4.0018172108426375,28.324772967811487,0.026009892532425607,25.555855173537037,2.7689177942744476,0.0,0,3.26213403535205,6,0.06666666666666667,0.0,0.0,590.6502224918994,0.5423785330504127
149,0,0,16,16,232.7478928748852,361.65330970134335,0.21372625608345747,0.332096703123364,15,2,9,4,1,0,20,4,9,7,0.7383135947180327,19.128965819905936,4.001272047589847,28.891268427167716,0.02653009038307412,26.102285990680638,2.7889824364870797,0.0,0,3.099027333584447,6,0.06666666666666667,0.0,0.0,594.4012025762286,0.5458229592068214
151,0,0,16,16,238.90130739650658,362.07589706206136,0.21937677446878473,0.3324847539596523,15,2,9,4,1,0,20,3,10,7,0.7235473228236721,19.896386503507816,4.000890433312892,29.469093795711068,0.027060692190735598,26.659691439795278,2.8094023559157937,0.0,0,3.181575966905225,7,0.06666666666666667,0.0,0.0,600.9772044585679,0.551861528428437
153,0,0,16,16,249.8413345206232,359.24316251175054,0.22942271305842352,0.3298835284772732,15,2,10,3,1,0,20,2,11,7,0.7090763763671986,20.748458773437658,3.4006233033190245,30.05847567162529,0.02760190603455031,25.216789061935696,4.841686609689595,0.0,0,3.0224971685599633,7,0.06666666666666667,0.0,0.0,609.0844970323737,0.5593062415356967
155,0,0,16,16,261.25219217625477,353.3077546751703,0.23990100291667105,0.32443319988537217,15,2,10,3,1,0,20,2,12,6,0.6948948488398545,20.333489597968907,2.9804363123233175,30.659645185057798,0.02815394415524132,25.780746506011575,4.878898679046222,0.0,0,2.871372310131965,7,0.06666666666666667,0.0,0.0,614.5599468514251,0.5643342028020433
157,0,0,16,16,265.7873026472385,354.57521509786966,0.2440654753418168,0.32559707538831006,15,2,9,4,1,0,20,2,11,7,0.6809969518630575,19.92681980600953,2.686305418626322,31.272838088758952,0.028717023038346147,26.49865459360175,4.7741834951571995,0.0,0,2.7278036946253668,7,0.06666666666666667,0.0,0.0,620.3625177451081,0.5696625507301268
159,0,0,16,16,269.4895428081722,352.47195871123415,0.24746514491108557,0.32366571047863557,15,3,9,3,1,0,20,2,11,7,0.6673770128257963,19.42828340988934,2.4804137930384256,31.898294850534135,0.02929136349911307,27.085386685377173,4.812908165156962,0.0,0,2.828913509894098,6,0.06666666666666667,0.0,0.0,621.9615015194063,0.5711308553897212
161,0,0,16,16,272.98163836759693,350.57624842631674,0.25067184423103483,0.3219249296844047,15,3,9,3,1,0,20,2,11,7,0.6540294725692805,18.83971774169155,2.336289655126898,32.53626074754482,0.029877190769095337,27.684100339842374,4.8521604077024465,0.0,0,3.162467834399393,6,0.06666666666666667,0.0,0.0,623.5578867939137,0.5725967739154396
163,0,0,16,16,279.06419778522013,345.63073346292515,0.2562572982417081,0.317383593629867,15,3,10,2,1,0,20,2,11,7,0.6409488831178949,18.26292338685772,2.2354027585888283,33.18698596249572,0.030474734584477244,28.294911033717298,4.89207492877842,0.0,0,3.4793444426794236,6,0.06666666666666667,0.0,0.0,624.6949312481453,0.5736408918715752
165,0,0,16,16,282.7631875297657,341.17835662339155,0.25965398303927056,0.31329509331808225,15,3,10,2,0,0,20,2,11,7,0.6281299054555369,17.89766491912057,2.16478193101218,33.85072568174563,0.031084229276166785,28.918119751615222,4.932605930130411,0.0,0,3.3053772205454526,6,0.0,0.0,0.0,623.9415441531572,0.5729490763573528
167,0,0,16,16,288.7701261495632,337.1837137152486,0.2651699964642454,0.30962691801216585,15,3,10,2,0,0,20,1,12,7,0.6155673073464262,17.539711620738156,1.815347351708526,34.527740195380545,0.031705913861690124,29.55392147283154,4.973818722549003,0.0,0,3.14010835951818,6,0.0,0.0,0.0,625.9538398648118,0.5747969144764112
169,0,0,16,16,293.70016766615674,333.5837683671368,0.2696971236603827,0.3063211830735875,15,3,10,2,0,0,20,1,12,7,0.6032559611994975,17.188917388323393,1.5707431461959682,35.218294999288155,0.032340032138923926,30.34498361617591,4.873311383112244,0.0,0,2.9831029415422705,6,0.0,0.0,0.0,627.2839360332936,0.5760183067339701
171,0,0,16,16,297.8431617167374,330.3404670203785,0.2735015259106863,0.30334294492229436,15,3,10,2,0,0,20,1,12,7,0.5911908419755076,16.845139040556923,1.3995202023371778,35.92266089927393,0.03298683278170241,31.006561823489946,4.916099075783973,0.0,0,2.833947794465157,6,0.0,0.0,0.0,628.1836287371159,0.5768444708329807
173,0,0,16,16,301.2309188431926,327.4191368894043,0.27661241399742204,0.30066036445308014,15,3,10,2,0,0,20,1,12,7,0.5793670251359975,16.508236259745786,1.2796641416360244,36.6411141172594,0.03364656943733645,31.63899219466586,5.002121922593536,0.0,0,2.692250404741899,6,0.0,0.0,0.0,628.6500557325969,0.5772727784505022
175,0,0,16,16,303.9361400709216,324.7882752537414,0.2790965473562182,0.2982445135479719,15,3,10,2,0,0,20,1,12,7,0.5677796846332774,16.17807153455087,1.195764899145217,37.37393639960459,0.034319500826083184,32.327845061391336,5.046091338213253,0.0,0,2.557637884504804,6,0.0,0.0,0.0,628.724415324663,0.57734106090419
177,0,0,16,16,305.8969435551701,322.41932161012386,0.28089710151989905,0.29606916584951687,15,3,10,2,0,0,20,1,12,7,0.556424090940612,15.854510103859852,1.137035429401652,38.12141512759668,0.035005890842604845,33.17079610774003,4.950619019856649,0.0,0,2.4297559902795633,6,0.0,0.0,0.0,628.316265165294,0.5769662673694159
179,0,0,16,16,307.2799409386704,320.28642586191415,0.282167071569027,0.294110583895238,15,3,10,2,0,0,20,1,12,7,0.5452956091217996,15.537419901782656,1.0959248005811564,38.883843430148616,0.035706008659456945,33.8875865085296,4.9962569216190165,0.0,0,2.308268190765585,6,0.0,0.0,0.0,627.5663668005845,0.576277655464265
181,0,0,16,16,308.5187416786275,318.3662209663462,0.283304629640613,0.2923473103455888,15,3,10,2,0,0,20,1,12,7,0.5343896969393637,16.476671503747003,1.0671473604068094,39.66152029875159,0.03642012883264609,34.618978238297345,5.0425420604542435,0.0,0,2.1928547812273056,6,0.0,0.0,0.0,626.8849626449737,0.5756519399862018
183,0,0,16,16,309.599512771637,316.6376052107764,0.28429707325219195,0.29075996805397286,15,3,10,2,0,0,20,1,12,7,0.5237019030005764,18.64713807367206,1.0470031522847667,40.35275070472662,0.03705486749745328,35.307775790750924,5.044974913975699,0.0,0,2.08321204216594,5,0.0,0.0,0.0,626.2371179824135,0.5750570413061649
185,1,0,15,16,315.65055363360693,314.94653708692,0.2898535846038631,0.2892071047630119,15,2,10,3,1,0,20,1,13,6,1.005227864940565,20.574195312198622,1.1329022065993366,41.05780571882116,0.03770230093555662,36.06511753976145,4.992688179059698,0.0,0,2.454051440057643,5,0.06666666666666667,0.0,0.0,630.5970907205269,0.579060689366875
187,1,0,15,16,315.2990278018623,316.8006942555891,0.2895307876968432,0.2909097284257017,15,2,10,3,1,0,20,1,12,7,1.1851233076417538,21.21271140595465,1.0930315446195358,41.87896183319758,0.03845634695426775,36.78345372604562,5.0955081071519555,0.0,0,2.806348868054761,6,0.06666666666666667,0.0,0.0,632.0997220574513,0.5804405161225449
189,3,0,13,16,319.7845401462751,315.09385711950324,0.2936497154694905,0.2893423848663942,15,2,10,3,1,0,20,1,13,6,2.5454208414889186,20.588457177835558,1.065122081233675,42.71654106986152,0.0392254738933531,37.57208072924002,5.144460340621498,0.0,0,3.1410314246520223,6,0.06666666666666667,0.0,0.0,634.8783972657784,0.5829921003358847
191,2,1,13,16,322.91755890818513,313.55728739199776,0.29652668402955473,0.2879313933810815,15,2,10,3,1,0,20,1,13,6,3.6252494997398155,20.076688034278845,1.0455854568635725,43.57087189125875,0.04000998337122015,38.312404031547345,5.25846785971141,0.0,0,3.2214798534194213,6,0.06666666666666667,0.0,0.0,636.4748463001829,0.5844580774106363
193,2,1,13,16,317.6599916929198,312.1740721560869,0.29169879861608794,0.2866612232838263,15,2,10,3,1,0,20,2,12,6,3.9845845097450194,19.675154273593268,1.0319098198045007,44.44228932908392,0.04081018303864455,39.133418660439034,5.308870668644888,0.0,0,3.0604058607484497,6,0.06666666666666667,0.0,0.0,629.8340638490067,0.5783600218999143
195,1,2,13,16,313.5994092184459,310.92895586067436,0.2879700727442111,0.2855178658041087,15,2,10,3,1,0,20,2,12,6,5.161335290244519,19.281651188121405,1.0223368738631504,45.3311351156656,0.04162638669941745,39.97103507619097,5.360100039474639,0.0,0,2.950664566409944,6,0.06666666666666667,0.0,0.0,624.5283650791202,0.5734879385483198
197,1,2,13,16,310.3856897903263,313.0481847572803,0.2850189988891885,0.2874638978487422,15,1,10,4,1,0,20,2,12,6,5.334551055134029,18.896018164358978,1.0156358117042052,46.23775781797892,0.0424589144334058,40.825451600397315,5.4123062175816035,0.0,0,2.846410336788363,6,0.06666666666666667,0.0,0.0,623.4338745476066,0.5724828967379307
199,1,2,13,16,310.7420264137302,311.715363841189,0.2853462134194033,0.28624000352726264,15,1,11,3,1,0,20,2,12,6,5.504302504725748,18.518097801071796,1.0109450681929437,47.1625129743385,0.04330809272207392,41.697148895183815,5.465364079154684,0.0,0,2.7473688186478613,6,0.06666666666666667,0.0,0.0,622.4573902549191,0.5715862169466659
201,1,2,13,16,311.52623599101577,310.51572596214584,0.2860663324068097,0.28513840767873816,15,1,11,3,1,0,20,2,12,6,5.670658925325633,19.39773584505036,1.0076615477350606,48.10576323382527,0.0441742545765154,40.48481795755732,7.620945276267956,0.0,0,2.653279376414385,6,0.06666666666666667,0.0,0.0,622.0419619531616,0.5712047400855478
203,1,1,13,15,316.1381036152424,312.8109725285477,0.2903012889028856,0.2872460721106958,15,1,11,3,1,0,20,1,12,7,3.6035646827935204,21.739904662869353,1.0053630834145424,49.06787849850178,0.04505773966804571,41.28570646752975,7.782172030972034,0.0,0,1.6983144323142512,5,0.06666666666666667,0.0,0.0,628.9490761437901,0.5775473610135814
205,1,1,13,15,315.2435685614437,314.8766290944066,0.2894798609379648,0.28914291009587384,15,1,11,3,1,0,20,1,12,7,3.76333338913765,21.305106569611965,1.0037541583901797,50.04923606847181,0.045958894461406614,42.18455982796745,7.864676240504369,0.0,0,1.6133987106985386,5,0.06666666666666667,0.0,0.0,630.1201976558502,0.5786227710338386
207,1,1,13,15,314.8678068365437,316.7356646548501,0.2891348088489841,0.2908500134571626,15,1,11,3,1,0,20,1,12,7,3.919906721354897,20.879004438219727,1.0026279108731257,51.05022078984125,0.04687807235063476,43.25351622653098,7.796704563310275,0.0,0,1.5327287751636116,5,0.06666666666666667,0.0,0.0,631.6034714913937,0.5799848223061468
209,1,1,13,15,311.7717178769842,324.8887484991328,0.28629175195315354,0.29833677548129733,15,0,10,5,1,0,20,1,12,7,4.073348586927799,20.46142434945533,1.0018395376111882,52.071225205638065,0.047815633797647444,44.29822799033955,7.772997215298522,0.0,0,1.4560923364054308,5,0.06666666666666667,0.0,0.0,636.660466376117,0.5846285274344509
211,1,1,13,15,312.25041650772005,328.9864810192887,0.2867313282899174,0.30209961526105483,15,0,11,4,1,0,20,1,12,7,4.223721615189243,20.052195862466228,1.0012876763278316,53.11264970975084,0.048771946473600405,45.173695199462315,7.938954510288517,0.0,0,1.3832877195851592,5,0.06666666666666667,0.0,0.0,641.2368975270088,0.5888309435509722
213,1,1,13,15,312.69146135475046,332.67440118657555,0.28713632814944945,0.3054861351575533,15,0,11,4,1,0,20,1,12,7,4.371087182885458,19.651151945216903,1.000901373429482,54.17490270394585,0.0497473854030724,44.13894273163908,10.035959972306772,0.0,0,1.3141233336059013,5,0.06666666666666667,0.0,0.0,645.365862541326,0.5926224633070027
215,1,1,13,15,317.3208482131637,335.9934931043329,0.29138737209656906,0.30853396979277586,15,0,11,4,1,0,20,1,12,7,4.515505439227749,19.258128906312564,1.0006309614006375,55.25840075802475,0.05074233311113384,45.10308145461962,10.155319303405143,0.0,0,1.2484171669256061,5,0.06666666666666667,0.0,0.0,653.3143413174967,0.599921341889345
217,1,1,13,15,320.78750587055697,338.9806417823946,0.2945707124614848,0.3112769896991686,15,0,11,4,1,0,20,1,12,7,4.657035330443194,18.872966328186312,1.0004416729804462,56.36356877318525,0.05175717977335652,46.086937250693005,10.276631522492247,0.0,0,1.1859963085793257,5,0.06666666666666667,0.0,0.0,659.7681476529516,0.6058477021606534
219,2,1,12,15,323.83495894118465,341.66904324784616,0.2973691083022816,0.313745677913541,15,0,11,4,1,0,20,1,12,7,5.287734623834331,18.495507001622588,1.1003091710863124,57.49084014864896,0.052792323368823654,47.01653204922059,10.474308099428379,0.0,0,1.1266964931503594,5,0.06666666666666667,0.0,0.0,665.5040021890309,0.6111147862158226
221,2,1,12,15,326.0697595019631,344.0899235843549,0.29942126676029673,0.3159687085255784,15,0,11,4,1,0,20,1,12,7,5.613819931357644,18.125596861590136,1.0702164197604187,58.640656951621935,0.053848169836200124,48.14592443841933,10.49473251320261,0.0,0,1.0703616684928414,5,0.06666666666666667,0.0,0.0,670.159683086318,0.6153899752858751
223,2,1,12,15,328.30262165589085,346.26828102532016,0.30147164523038644,0.3179690367541967,15,0,11,4,1,0,20,1,12,7,5.833383532730491,19.013084924358335,1.149151493832293,59.81347009065438,0.05492513323292413,49.19104073995041,10.622429350703968,0.0,0,1.0168435850681994,5,0.06666666666666667,0.0,0.0,674.570902681211,0.6194406819845831
225,2,1,12,15,329.49168987615667,348.22984030813416,0.3025635352398133,0.3197702849477816,15,0,11,4,1,0,20,1,12,7,6.048555862075882,18.632823225871167,1.2044060456826051,61.009739492467475,0.05602363589758262,48.251041854037425,12.758697638430046,0.0,0,0.9660014058147893,5,0.06666666666666667,0.0,0.0,677.7215301842908,0.6223338201875949
227,2,1,12,15,334.9363331056827,346.6209621223132,0.30756320762688955,0.31829289451084775,15,0,11,4,1,0,20,1,13,6,6.259424744834364,20.760166761353744,1.2430842319778237,62.22993428231682,0.05714410861553427,49.30646113599116,12.923473146325664,0.0,0,0.9177013355240499,5,0.06666666666666667,0.0,0.0,681.5572952279958,0.6258561021377373
229,2,1,12,15,338.3599409830476,345.17346698332176,0.31070701651335864,0.31696369787265544,15,0,11,4,1,0,20,1,13,6,6.466076249937677,20.344963426126668,1.2701589623844767,63.47453296796316,0.05828699078784495,50.26150242357557,13.213030544387587,0.0,0,0.8718162687478473,5,0.06666666666666667,0.0,0.0,683.5334079663694,0.6276707143860141
231,2,1,12,15,340.95222114589797,343.87106047836784,0.31308743906877684,0.3157677323033681,15,0,11,4,1,0,20,1,13,6,6.768594724938923,19.938064157604135,1.1891112736691336,64.74402362732242,0.05945273060360186,49.33640530209996,15.407618325222462,0.0,0,0.828225455310455,5,0.06666666666666667,0.0,0.0,684.8232816242657,0.6288551713721449
233,2,1,12,15,338.7303372573245,346.07277461916397,0.31104714165043573,0.3177895083738879,15,0,11,4,1,0,20,1,12,7,6.965062830440146,19.53930287445205,1.2323778915683936,66.03890409986886,0.060641785215673885,50.579207337873086,15.459696761995781,0.0,0,0.7868141825449322,5,0.06666666666666667,0.0,0.0,684.8031118764884,0.6288366500243237
235,2,1,12,15,336.93556323953527,348.0548761014933,0.30939904797018847,0.31960961992790937,15,0,11,4,1,0,20,1,12,7,7.157601573831342,19.148516816963014,1.2626645240978756,67.35968218186625,0.06185462091998737,51.68890876103663,15.670773420829615,0.0,0,0.7474734734176856,5,0.06666666666666667,0.0,0.0,684.9904393410286,0.6290086678980978
237,1,2,12,15,341.01500798483846,346.4641514682746,0.31314509456826306,0.3181488994199032,15,0,11,4,1,0,20,1,13,6,8.446289542354714,18.76554648062375,1.183865166868513,68.70687582550357,0.06309171333838712,52.82170787783413,15.885167947669443,0.0,0,0.7100997997468013,5,0.06666666666666667,0.0,0.0,687.4791594531131,0.6312939939881663
239,2,2,11,15,344.16562393422885,345.0334745601034,0.3160382221618263,0.31683514651983785,15,0,11,4,1,0,20,1,13,6,8.908561073334413,18.390235551011276,1.228705616807959,70.08101334201365,0.06435354760515487,53.8455168091225,16.235496532891148,0.0,0,0.6842142041541112,5,0.06666666666666667,0.0,0.0,689.1990984943322,0.6328733686816641
241,2,2,11,15,345.9341742986681,343.7464055676454,0.3176622353523123,0.31565326498406376,15,0,11,4,1,0,20,1,13,6,9.161587173694517,18.022430839991053,1.2600939317655713,71.48263360885392,0.06564061855725796,55.02528327206062,16.4573503367933,0.0,0,0.6596228883410556,5,0.06666666666666667,0.0,0.0,689.6805798663136,0.6333155003363761
243,2,2,11,15,348.13496280903036,342.5884033979306,0.3196831614407992,0.3145899021101291,15,0,11,4,1,0,20,1,13,6,9.40955275204742,20.16198222319123,1.2820657522358998,72.912286281031,0.06695343092840313,54.1962311176908,18.716055163340204,0.0,0,0.6362611383186529,5,0.06666666666666667,0.0,0.0,690.7233662069609,0.6342730635509284
245,2,2,11,15,345.4677472303694,344.9214355223843,0.3172339276679242,0.316732264024228,15,0,11,4,1,0,20,1,12,7,9.652559018833264,22.258742578727407,1.29744602656513,73.96253200665161,0.06791784389958826,55.38751470633105,18.575017300320575,0.0,0,0.6140674757973703,5,0.06666666666666667,0.0,0.0,690.3891827527536,0.6339661916921522
247,2,2,11,15,342.39339418908224,343.6463107765642,0.3144108302930048,0.3155613505753574,15,0,11,4,1,0,20,1,13,6,9.890705160283392,21.813567727152858,1.308212218595591,75.44178264678463,0.06927620077758001,56.60376729164473,18.838015355139916,0.0,0,0.5929834964021518,5,0.06666666666666667,0.0,0.0,686.0397049656465,0.6299721808683623
249,2,1,11,14,346.62555001046223,339.1237837832173,0.31829710744762374,0.31140843322609485,15,0,11,4,1,0,20,0,15,5,8.532088378904517,23.4692963726098,1.3157485530169137,76.95061829972033,0.07066172479313163,55.71846586799377,21.232152431726572,0.0,0,0.5729537159766942,5,0.06666666666666667,0.0,0.0,685.7493337936795,0.6297055406737186
251,2,1,11,14,346.70385157438227,335.06705236533264,0.31836900971017656,0.3076832436779914,15,0,11,4,1,0,20,0,15,5,8.76080393315322,25.499910445157607,1.0210239871118394,78.48963066571474,0.07207495928899425,54.837582370337785,23.652048295376957,0.0,0,0.5539254245725096,5,0.06666666666666667,0.0,0.0,681.7709039397149,0.626052253388168
253,2,1,11,14,348.4557548390007,331.4119576204973,0.31997773630762233,0.30432686650183405,15,0,11,4,2,1,20,0,15,5,8.984945176316948,27.489912236254455,0.8147167909782876,80.05942327902903,0.07351645847477413,54.15627135222449,25.903151926804547,0.0,0,0.5358485477385341,5,0.13333333333333333,0.06666666666666667,0.0,679.867712459498,0.6243046028094563
255,2,1,11,14,349.92813345919893,328.1195306696402,0.3213297827908163,0.3013035176029754,15,0,11,4,2,1,20,0,15,5,9.204603594617401,29.440113991529365,0.6703017536848014,81.5586117446096,0.07489312373242388,55.44725952256083,26.111352222048787,0.0,0,0.5186755147462574,5,0.13333333333333333,0.06666666666666667,0.0,678.0476641288392,0.6226333003937917
257,2,1,11,14,356.2961257635976,325.15434140817507,0.3271773422989877,0.29858066245011483,15,0,11,4,2,1,20,0,15,5,9.419868844551846,33.85131171169878,0.5692112275793609,82.6797839795018,0.07592266664784371,54.607010256889765,28.07277372261204,0.0,0,0.5023611334035946,5,0.13333333333333333,0.06666666666666667,0.0,681.4504671717727,0.6257580047491025
259,2,1,11,14,361.2081958342247,319.2442520561176,0.33168796678992163,0.2931535831552962,15,0,12,3,2,1,20,1,14,5,9.730828789487601,38.074285477464805,0.3984478593055527,83.41537965909185,0.07659814477418903,61.962795789648254,21.452583869443593,0.0,0,0.7243624711280648,5,0.13333333333333333,0.06666666666666667,0.0,680.4524478903422,0.6248415499452178
261,0,2,12,14,370.6131956449598,313.92281312505037,0.3403243302524883,0.2882670460285127,15,0,12,3,2,1,20,0,15,5,9.185186309283075,39.712799767915506,0.2789135015138869,84.16568725227368,0.07728713246306124,55.118672695338056,29.04701455693563,0.0,0,0.9352637419663117,5,0.13333333333333333,0.06666666666666667,0.0,684.5360087700101,0.628591376281001
263,0,2,12,14,377.96805557011544,309.13185222869083,0.34707810428844393,0.28386763290054257,15,0,12,3,2,1,20,0,15,5,9.170193988481707,41.4185437725572,0.19523945105972082,85.44100099731918,0.07845821946493955,56.25393758324581,29.18706341407336,0.0,0,0.898119949262646,5,0.13333333333333333,0.06666666666666667,0.0,687.0999077988063,0.6309457371889865
265,0,2,12,14,380.36902372034365,304.8188067206086,0.3492828500645947,0.2799070768784285,15,0,12,3,2,1,20,1,14,5,9.155501514096366,41.740172897106056,0.13666761574180458,87.14982101726555,0.08002738385423834,57.515132961121296,29.634688056144256,0.0,0,1.1003333461941638,6,0.13333333333333333,0.06666666666666667,0.0,685.1878304409522,0.6291899269430232
267,0,2,12,14,381.92171451529805,300.93622496391384,0.3507086451012838,0.2763418043745765,15,0,12,3,2,1,20,1,14,5,9.14110288919873,40.80536943916393,0.09566733101926321,88.89281743761086,0.0816279315313231,56.74987705709644,32.14294038051442,0.0,0,1.2924360732791056,7,0.13333333333333333,0.06666666666666667,0.0,682.8579394792118,0.6270504494758603
269,0,2,12,14,383.81610389361856,297.44129880099376,0.3524482129417985,0.27313250578603654,15,0,12,3,2,1,20,1,14,5,9.12699223679905,41.03926205038066,0.06696713171348424,90.67067378636307,0.08326049016194956,58.03114738553497,32.6395264008281,0.0,0,1.7124336640098003,7,0.13333333333333333,0.06666666666666667,0.0,681.2574026946123,0.625580718727835
271,0,2,12,14,383.96308230917504,294.43042970518496,0.3525831793472682,0.27036770404516525,15,0,13,2,2,1,20,1,13,6,9.113163797447362,41.26847680937304,0.04687699219943897,92.48408726209033,0.08492569996518855,59.339911737231006,33.14417552485933,0.0,0,1.9689313752039603,7,0.13333333333333333,0.06666666666666667,0.0,678.39351201436,0.6229508833924334
273,0,2,12,14,388.0180310651716,288.3438655578291,0.35630673192394086,0.26477857259672094,15,0,13,2,2,1,20,1,14,5,9.099611926882707,40.24310727318558,0.032813894539607286,94.33376900733214,0.08662421396449232,60.67570847776351,33.65806052956864,0.0,0,2.3551042008384124,7,0.13333333333333333,0.06666666666666667,0.0,676.3618966230007,0.6210853045206618
275,0,2,12,14,391.2905619102846,282.86575105371503,0.35931181075324575,0.2597481644203076,15,0,13,2,2,1,20,1,14,5,9.086331093729346,39.23824512772187,0.022969726177725098,96.2204443874788,0.08835669824378219,60.016713167116905,36.2037312203619,0.0,0,2.7219683851911416,7,0.13333333333333333,0.06666666666666667,0.0,674.1563129639997,0.6190599751735534
277,0,2,12,14,393.98663915676406,277.93529852245763,0.36178754743504504,0.25522065980023656,15,0,13,2,2,1,20,1,14,5,9.073315877239052,38.25348022516743,0.01607880832440757,98.14485327522837,0.09012383220865783,59.357365060316056,38.78748821491232,0.0,0,3.0704893603262344,7,0.13333333333333333,0.06666666666666667,0.0,671.9219376792216,0.6170082072352816
279,1,2,11,14,399.8272062895983,273.4977819672788,0.36715078630817105,0.2511458052959401,15,0,13,2,2,1,20,0,15,5,9.460560965078564,37.28841062066409,0.0112551658270853,100.10775034073293,0.09192630885283097,58.73484893519002,41.372901405542905,0.0,0,3.4015842867045727,7,0.13333333333333333,0.06666666666666667,0.0,673.3249882568771,0.6182965916041112
281,1,2,11,14,403.4189021526272,269.50393602378097,0.37044894596200845,0.24747836182165378,15,0,13,2,2,1,20,0,15,5,9.640061151161285,36.542642408250806,0.00787861607895971,102.10990534754758,0.09376483502988758,61.92516580634134,40.18473954120624,0.0,0,3.241124466763994,7,0.13333333333333333,0.06666666666666667,0.0,672.9228381764082,0.6179273077836622
283,1,2,11,14,403.24367610063143,265.9094134850415,0.3702880404964476,0.2441776065060069,15,1,12,2,2,0,20,0,15,5,9.815971333522352,35.51178956008579,0.005515031255271797,104.15210345449856,0.09564013173048536,63.46187590351526,36.67656999439732,4.013657556585961,0,3.801187637820444,9,0.13333333333333333,0.0,0.0,669.1530895856729,0.6144656470024545
285,1,1,11,13,402.5642517025865,262.6755925252218,0.3696641429775817,0.241208073944189,15,1,12,2,2,0,20,0,15,5,6.520659134361196,38.669257946759075,0.0038605218786902586,106.23514552358853,0.09755293436509507,62.84594152910988,39.17436570611592,4.214838288362715,0,3.858247650324072,9,0.13333333333333333,0.0,0.0,665.2398442278084,0.6108722169217707
287,1,1,11,13,403.23127453105127,256.52509040679234,0.37027665246193875,0.23556022994195808,15,1,13,1,2,0,20,0,15,5,6.689603273500765,39.04587278782389,0.0027023653150831804,108.3598484340603,0.09950399305239696,66.23246000160765,37.70798351298287,4.419404919469786,0,3.912454662202518,9,0.13333333333333333,0.0,0.0,659.7563649378436,0.6058368824038969
289,1,1,11,13,401.35050973044343,250.98958276475116,0.36854959571206924,0.2304771191595511,15,2,12,1,2,0,20,0,15,5,6.855168529857543,40.564955332067406,0.0018916557205582263,109.81304540274152,0.10083842553052481,63.60436901518468,41.735296795171394,4.473379592385433,0,4.201451323487042,9,0.13333333333333333,0.0,0.0,652.3400924951945,0.5990267148716204
291,1,1,11,13,401.2871480878451,246.0075756440005,0.3684914123855327,0.2259022733186414,15,2,12,1,3,0,20,0,15,5,7.017422481087184,41.95365622542606,0.0013241590043907585,110.98930631079634,0.101918554922678,66.86843154342742,39.43183284983559,4.6890419175333475,0,4.7134981517073395,9,0.2,0.0,0.0,647.2947237318456,0.5943936857041741
293,1,1,11,13,401.01360396769667,241.5237230617518,0.3682402240291062,0.22178486966184738,15,2,12,1,3,0,20,0,15,5,7.176431353292234,43.31458310091754,0.000926911303073531,112.80109243701226,0.10358227037374863,66.3073696611718,41.74891157291326,4.7448112029272105,0,5.057442638516623,9,0.2,0.0,0.0,642.5373270294485,0.5900250936909536
295,1,1,11,13,396.47589096162955,237.4882126327639,0.36407336176458177,0.21807916678858025,15,3,11,1,3,0,20,0,15,5,7.332260048053182,44.74829143889919,0.0006488379121514716,114.85311428575253,0.10546658795753217,67.7733822271189,42.278203377491444,4.801528681142171,0,5.289189900985441,9,0.2,0.0,0.0,633.9641035943935,0.582152528553162
297,1,1,11,13,398.4316447594227,233.86437510221035,0.36586927893427246,0.21475149228853108,15,2,12,1,3,1,20,0,15,5,7.484972168918911,46.053325610121206,0.0004541865385060302,116.74217657146755,0.10720126406929986,69.25196224755277,42.63100517174426,4.859209152170541,0,5.746849800330819,9,0.2,0.06666666666666667,0.0,632.296019861633,0.5806207712228035
299,1,1,11,13,398.56341364551395,233.97650364883404,0.36599027882967305,0.21485445697780903,15,1,13,1,3,1,20,0,14,6,7.634630047367325,47.33225909791879,0.0003179305769542211,118.0570201028969,0.10840865023222855,72.75179179467676,40.3877385209564,4.917489787263759,0,6.181626704708927,10,0.2,0.06666666666666667,0.0,632.539917294348,0.5808447358074821
301,1,1,11,13,402.8057000776273,234.07715630283334,0.3698858586571417,0.2149468836573309,15,0,14,1,3,1,20,0,14,6,7.781294768246771,48.48561391596041,0.0002225514038679548,119.70416050495484,0.10992117585395303,76.21906607286991,38.75420438126777,4.7308900508171625,0,6.689664763868131,10,0.2,0.06666666666666667,0.0,636.8828563804607,0.5848327423144726
303,1,1,11,13,410.68007920885026,230.7850684944663,0.37711669348838406,0.21192384618408291,15,0,14,1,3,1,20,0,15,5,7.925026194708629,49.6159016376412,0.00015578598270756837,121.28224371505397,0.11137028807626627,77.83048523667155,38.659680204697786,4.792078273684622,0,7.172300920069374,9,0.2,0.06666666666666667,0.0,641.4651477033166,0.589040539672467
305,1,1,11,13,417.2734518029478,227.82217606925332,0.38317121377681157,0.20920310015542087,15,0,14,1,3,1,20,0,15,5,8.06588299264125,51.973583604888375,0.00010905018789529787,123.50388858935506,0.11341036601410015,77.46155055323504,41.4276538154993,4.614684220620703,0,7.773305268460556,9,0.2,0.06666666666666667,0.0,645.0956278722011,0.5923743139322324
307,1,1,11,13,421.75004690950846,225.15556000920594,0.38728195308494806,0.20675441690468865,15,0,14,1,3,1,20,0,15,5,8.203922654615218,52.08411193279061,7.633513152670852e-05,125.97396636114213,0.11567857333438213,73.14901528764452,48.14641877667572,4.67853229682189,0,7.631759399432178,9,0.2,0.06666666666666667,0.0,646.9056069187144,0.5940363699896367
309,0,1,11,12,424.71318208541396,222.75559311201604,0.3900029220251735,0.20455059055281546,15,0,14,1,3,1,20,0,15,5,5.422116263117713,55.564965673963364,5.3434592068695954e-05,128.493445688365,0.11799214480106979,74.72646702498429,49.023551593104045,4.743427070276664,0,5.853186757448968,8,0.2,0.06666666666666667,0.0,647.46877519743,0.5945535125779889
311,0,1,11,12,429.08080984376613,217.22061083392373,0.3940135994892251,0.19946796219827706,15,0,14,1,4,1,20,0,16,4,5.4130312596821515,56.95366636048409,3.740421444808717e-05,131.06331460213227,0.12035198769709116,74.49943212727666,47.73364344550076,8.830239029354885,0,5.57014681397117,8,0.26666666666666666,0.06666666666666667,0.0,646.3014206776899,0.5934815616875022
313,1,1,10,12,425.26690411826473,215.61411504099567,0.39051139037489874,0.19799275944995012,15,1,13,1,4,1,20,0,15,5,5.804127956315302,55.81459303327441,2.6182950113661017e-05,133.68458089417493,0.122759027451033,76.46099239642402,52.3466413959921,4.876947101758817,0,5.301258867667261,8,0.26666666666666666,0.06666666666666667,0.0,640.8810191592604,0.5885041498248489
315,1,1,10,12,421.81809408467507,214.16921495530616,0.38734443901255744,0.19666594578081373,15,1,13,1,4,1,20,0,15,5,5.987402719015789,54.59830117260892,1.8328065079562712e-05,136.35827251205842,0.12521420800005365,76.82285087890125,54.59082221518967,4.9445994179675266,0,5.2833153186785475,8,0.26666666666666666,0.06666666666666667,0.0,635.9873090399813,0.5840103847933712
317,1,1,10,12,420.25782518977917,212.86877455084579,0.3859116852064088,0.19547178562979411,15,1,13,1,4,1,20,0,15,5,6.167011986462265,55.806335149156745,1.2829645555693898e-05,139.08543796229964,0.12771849216005476,78.59686182429604,55.47649760196758,5.012078536035986,0,5.50376894713927,8,0.26666666666666666,0.06666666666666667,0.0,633.1265997406249,0.5813834708362029
319,1,1,10,12,418.7127682820008,211.69834849573002,0.38449290016712656,0.1943970142293205,15,1,13,1,4,1,20,0,15,5,6.3430290685598125,55.84020844617361,8.98075188898573e-06,141.8671467215456,0.13027286200325583,80.38354619127921,52.35226717381967,9.131333356446726,0,5.475699894176956,8,0.26666666666666666,0.06666666666666667,0.0,630.4111167777309,0.578889914396447
321,1,1,10,12,422.62162261259476,210.64493596963038,0.3880822980831908,0.19342969326871476,15,1,13,1,4,1,20,0,15,5,6.51552580901541,58.47340427725014,6.286526322290011e-06,144.7044896559765,0.1328783192433209,80.10700124373608,55.336171660129935,9.261316752110503,0,5.2115342938627585,8,0.26666666666666666,0.06666666666666667,0.0,633.2665585822251,0.5815119913519056
323,1,1,10,12,425.3978336652474,209.69683621572398,0.39063161952731623,0.19255907825135352,15,1,13,1,4,1,20,0,15,5,6.684572614661894,59.80393619170514,4.400568425603008e-06,147.59857944909604,0.13553588562818736,83.8733255246689,54.33150587714637,9.393748047280775,0,4.96057697356427,8,0.26666666666666666,0.06666666666666667,0.0,635.0946698809714,0.5831906977786697
325,1,1,10,12,428.24709927952426,208.84351853658404,0.3932480250500682,0.19177549911532052,15,1,13,1,5,1,20,0,15,5,6.850238484195449,58.60785746787104,3.080397897922105e-06,150.55055103807797,0.13824660334075112,79.73295994151772,57.23482245151062,13.582768645049637,0,4.722167519280706,8,0.3333333333333333,0.06666666666666667,0.0,637.0906178161083,0.5850235241653887
327,1,1,10,12,430.5473758737144,208.07550528987528,0.3953603084239801,0.19107025279143736,15,1,13,1,5,1,20,0,15,5,7.012591036338333,57.43570031851362,2.156278528545474e-06,153.5615620588395,0.14101153540756614,77.36499580543278,62.316227779490475,13.880338473916286,0,4.495678537711321,8,0.3333333333333333,0.06666666666666667,0.0,638.6228811635897,0.5864305612154175
329,1,1,10,12,432.3866832200645,207.3842665840545,0.3970492958861933,0.19043550650510055,15,1,13,1,5,1,20,0,15,5,7.1716965374383586,56.28698631214334,1.5093949699818319e-06,156.63279330001632,0.14383176611571746,79.38861734814404,63.15891659112085,14.085259360751428,0,4.280514005220405,8,0.3333333333333333,0.06666666666666667,0.0,639.770949804119,0.5874848023912939
331,1,1,10,12,433.85723344672294,206.76212550420175,0.39839966340378596,0.18986421074766,15,1,13,1,5,0,20,0,15,5,7.327619928516384,54.961246585900476,1.0565764789872823e-06,159.76544916601662,0.1467084014380318,81.28503620730746,60.140030159632914,18.340382799076252,0,4.551107699354035,8,0.3333333333333333,0.0,0.0,640.6193589509247,0.588263874151446
333,1,1,10,12,434.97663589063603,206.20217281505768,0.39942758116679156,0.18935002095046619,15,1,13,1,5,0,20,0,15,5,7.48042485177285,53.86202165418246,7.396035352910976e-07,162.96075814933695,0.14964256946679244,83.13819177995825,57.19700607331787,22.625560296060836,0,4.333171708780983,7,0.3333333333333333,0.0,0.0,641.1788087056937,0.5887776021172577
335,1,1,10,12,435.84495334310145,205.69819019360864,0.40022493419935856,0.18888722699137617,15,1,13,1,5,0,20,0,15,5,7.630173676564185,52.78478122109881,5.177224747037683e-07,166.2199733123237,0.15263542085612827,81.27697423763506,57.91128763650451,27.031711438184125,0,4.1261325177365835,7,0.3333333333333333,0.0,0.0,641.5431435367101,0.5891121611907347
337,1,1,10,12,434.10192240606193,205.2445811383077,0.39862435482650316,0.18847068975051212,15,1,13,1,3,0,20,0,15,5,7.776927524859695,52.87908559667683,3.624057322926378e-07,169.54437277857016,0.15568812927325085,81.12716362427486,65.09147828839784,23.32573086589747,0,4.166945286244404,7,0.2,0.0,0.0,639.3465035443696,0.5870950445770153
339,2,1,9,12,433.9467871862764,204.8363087872986,0.3984818982426781,0.18809578401037522,15,1,13,1,3,0,20,0,15,5,8.320746296189293,54.2215038847433,2.536840126048465e-07,172.62926023414155,0.15852090012317865,82.87612583887659,61.86831548355847,27.88481891170651,0,4.205717416326833,7,0.2,0.0,0.0,638.783095973575,0.5865776822530533
341,2,1,9,12,432.96777402522173,204.46883995476415,0.3975828962582385,0.18775834706589914,15,1,13,1,3,0,20,0,15,5,8.6536886920923,55.53707380704843,1.7757880882339255e-07,175.8778454388244,0.16150399030195078,81.16306075717952,62.342059050935134,32.37272563070976,0,4.242550939905142,7,0.2,0.0,0.0,637.4366139799859,0.5853412433241376
343,2,1,9,12,432.1856366108539,204.13809476360026,0.39686468008342873,0.18745463247346214,15,1,13,1,3,0,20,0,15,5,8.979972240077247,56.92633233090746,1.2430516617637478e-07,178.68140234760088,0.16407842272506967,85.35827866199517,60.642475418987125,32.68064826661859,0,4.040042787304535,7,0.2,0.0,0.0,636.3237313744542,0.5843193125568908
345,2,1,9,12,431.4490583315462,203.8404013147953,0.3961882996616586,0.1871812684249727,15,1,13,1,3,0,20,0,15,5,9.299730117102495,58.28780568428931,8.701361632346235e-08,182.25503039455293,0.1673599911795711,85.08306636246787,63.97814972795204,33.19381430413301,0,3.847660042333958,7,0.2,0.0,0.0,635.2894596463415,0.5833695680866313
347,2,1,9,12,429.8929047272427,203.57245488984984,0.3947593248184047,0.18693522028452694,15,1,13,1,3,1,20,0,15,5,9.613092836587239,57.02204957060352,6.090953142642365e-08,185.90013100244397,0.1707071910031625,83.32972027100331,69.10633535667051,33.464075374770154,0,3.90239643461191,8,0.2,0.06666666666666667,0.0,633.4653596170925,0.5816945451029316
349,2,1,9,12,432.28105900575986,203.33128123293932,0.3969523039538658,0.18671375687138597,15,0,14,1,3,0,20,0,15,5,9.920188301682288,58.38160857919145,4.263667199849656e-08,189.61813362249285,0.17412133482322575,83.1826428290236,72.54825085525354,33.88723993821571,0,3.7168960072759645,8,0.2,0.0,0.0,635.6123402386992,0.5836660608252517
351,2,1,9,12,435.6232104911927,203.1135378605344,0.4000213135823624,0.18651380887101413,15,0,14,1,4,0,20,0,15,5,10.221141857475434,59.71397640760762,2.984567039894759e-08,193.41049629494273,0.1776037615196903,83.0295989607633,75.84315903554217,34.537738298637265,0,3.540670601306816,8,0.26666666666666666,0.0,0.0,638.7367483517271,0.5865351224533766
353,1,2,9,12,439.12302104177047,202.91756113019093,0.40323509737536317,0.1863338486043994,15,0,14,1,4,0,20,0,15,5,11.516076342152719,61.019696879455466,2.0891969279263314e-08,197.27870622084157,0.1811558367500841,87.16925417883755,70.97814766719254,39.13130437481148,0,3.3732564656361252,8,0.26666666666666666,0.0,0.0,642.0405821719614,0.5895689459797626
355,1,2,9,12,440.4178159016911,202.74117453165488,0.4044240733716172,0.18617187743953617,15,0,14,1,4,0,20,0,15,5,11.680584250926628,59.79930294186636,1.4624378495484319e-08,201.22428034525842,0.18477895348508577,85.11604335674298,76.3519923276034,39.75624466091203,0,3.237060362707057,8,0.26666666666666666,0.0,0.0,643.1589904333459,0.5905959508111533
357,1,2,9,12,441.5273267557803,202.58241920260372,0.4054429079483749,0.18602609660477842,15,0,14,1,4,0,20,0,15,5,11.841802001525062,58.60331688302903,1.0237064946839025e-08,205.24876595216358,0.1884745325547875,89.2969906775722,79.85811700982268,36.09365826476874,0,3.1076740649244425,8,0.26666666666666666,0.0,0.0,644.109745958384,0.5914690045531533
359,1,2,9,12,443.655337791963,202.43953216392018,0.40739700440033333,0.18589488720286518,15,0,14,1,4,0,20,0,15,5,11.999795397111525,61.18125054536846,7.1659454627873175e-09,209.35374127120684,0.19224402320588324,89.0994833516797,79.52810432583087,40.726153593696296,0,2.984757082030959,8,0.26666666666666666,0.0,0.0,646.0948699558832,0.5932918916031985
361,1,2,9,12,445.0049060928424,202.31092673143468,0.4086362774038957,0.18577679222353966,15,0,14,1,4,0,20,0,15,5,12.15462892478626,62.45762553446109,5.0161618239511225e-09,213.54081609663098,0.1960889036700009,83.05973828592442,93.03335447634154,37.44772333436504,0,2.8679859482821493,8,0.26666666666666666,0.0,0.0,647.3158328242771,0.5944130696274353
363,1,2,9,12,446.0855880163606,202.19517488649257,0.4096286391334808,0.18567050035490593,15,0,14,1,4,0,20,0,15,5,12.3063657819075,63.708473023771866,3.511313276765786e-09,217.8116324185636,0.20001068174340092,85.45900199398372,90.36778953839429,41.984840886185594,0,2.7570533712207803,8,0.26666666666666666,0.0,0.0,648.2807629028532,0.5952991394883868
365,1,2,9,12,446.9798662505797,202.09099140946165,0.4104498312677499,0.18557483141364706,15,0,14,1,4,0,20,0,15,5,12.455067901886315,64.93430356329642,2.4579192937360502e-09,221.55586506693487,0.20344891190719455,87.63231118118927,87.25117843035989,46.67237545538579,0,2.6516674230124795,8,0.26666666666666666,0.0,0.0,649.0708576600414,0.596024662681397
367,1,2,9,12,448.5235494821237,201.99721959988824,0.4118673548963487,0.1854887232322206,15,0,14,1,4,0,20,0,15,5,12.600795979465554,68.5356174920305,1.7205435056152352e-09,225.78298236827357,0.20733056232164698,87.67767288907065,94.74882392982265,43.35648554938027,0,2.789050772214594,8,0.26666666666666666,0.0,0.0,650.520769082012,0.5973560781285693
369,1,2,9,12,449.01219811410203,201.91281842463536,0.41231606805702664,0.18541121985733275,15,0,14,1,4,0,20,0,15,5,12.743609495493208,69.56490514218989,1.2043804539306647e-09,230.29864201563902,0.2114771735680799,87.78737650204482,94.38282024062642,48.12844527296781,0,2.9195649539566024,8,0.26666666666666666,0.0,0.0,650.9250165387374,0.5977272879143594
371,1,2,9,12,448.95313097626797,201.8368509512066,0.4122618282610358,0.18534146092856438,15,0,14,1,4,0,20,0,15,5,12.883566741200308,69.32360703934609,8.430663177514653e-10,234.90461485595188,0.21570671703944158,89.89700442208436,92.33020728117526,52.67740315269223,0,3.0435534266115107,8,0.26666666666666666,0.0,0.0,650.7899819274746,0.5976032891896002
373,1,2,9,12,449.1936898163008,201.76847393773545,0.4124827271040411,0.18527867211913265,15,0,14,1,4,0,20,0,15,5,13.020724841993268,70.23713489855916,5.901464224260258e-10,239.60270715307087,0.22002085138023036,88.14399396491983,97.90803570940997,53.55067747874106,0,3.3988424756336735,8,0.26666666666666666,0.0,0.0,650.9621637540363,0.5977613992231737
375,1,2,9,12,450.80511318762143,201.70692846397523,0.41396245471774235,0.18522215653257598,15,0,14,1,5,0,20,0,15,5,13.155139780770368,71.03239220058798,4.1310249569821804e-10,244.19076129613228,0.2242339405841435,88.23424871355024,105.66872259786676,50.2877899847153,0,3.9738670722047282,9,0.3333333333333333,0.0,0.0,652.5120416515966,0.5991846112503183
377,1,2,9,12,452.5366172121069,201.65153149918854,0.4155524492305848,0.1851712869597691,15,0,14,1,5,0,20,0,15,5,13.286866420771926,73.06174435657623,2.891717469887526e-10,248.87057652205493,0.22853129157213492,90.45889460521926,91.03411712781485,67.37756478902084,0,4.52014043894723,9,0.3333333333333333,0.0,0.0,654.1881487112954,0.6007237361903539
379,1,2,9,12,453.20191741941693,201.60166831324673,0.4161633768773342,0.18512549891023575,15,0,14,1,5,0,20,0,15,5,13.415958527973451,72.85050946944469,2.0242022289212685e-10,253.84798805249602,0.2331019174035776,92.7297277856077,88.45235854890586,72.66590171798248,0,4.326600137352607,9,0.3333333333333333,0.0,0.0,654.8035857326637,0.60128887578757
381,1,2,9,12,453.7180650384716,201.55678564661844,0.4166373416331236,0.18508428434032914,15,0,14,1,5,0,20,0,15,5,13.542468793030947,72.6434992800558,1.416941560244888e-10,258.92494781354594,0.23776395575164916,95.11587806766595,85.89749640204583,77.91157334383418,0,4.142736850837715,9,0.3333333333333333,0.0,0.0,655.2748506850901,0.6017216259734528
383,1,2,9,12,453.7339717711793,201.51638556335834,0.41665194836655584,0.18504718600859352,15,0,14,1,5,0,20,0,15,5,13.666448852787294,70.89062929445468,9.918590921714215e-11,264.10344676981686,0.24251923486668214,91.56005505561745,93.33908184246313,79.20430987173629,0,4.680566728648567,9,0.3333333333333333,0.0,0.0,655.2503573345376,0.6016991343751493
385,0,3,9,12,453.8491649656545,201.48001991879565,0.4167577272411887,0.1850137923955883,15,0,14,1,4,0,20,0,15,5,14.787949311348513,71.9728167085656,6.943013645199951e-11,269.3855157052132,0.2473696195640158,93.6215652683712,95.59081087080318,80.17313956603884,0,4.479005112568878,9,0.26666666666666666,0.0,0.0,655.3291848844501,0.601771519636777
387,0,3,9,12,453.91267248941375,201.44728538045337,0.41681604452655074,0.18498373313172944,15,0,14,1,4,0,20,0,15,5,14.7863770825653,75.43336037439428,4.8601095516399665e-11,274.4672260193175,0.25203602021975896,96.02955183053498,93.10757103853423,85.33010315024823,0,4.525571582323458,9,0.26666666666666666,0.0,0.0,655.3599578698671,0.6017997776582802
389,0,3,9,12,453.44068369808326,201.41781894687438,0.41638262965847866,0.18495667488234563,15,0,14,1,4,0,20,0,15,5,14.784836298357753,77.47469316690639,3.402076686147976e-11,279.85457053970384,0.2569830767123084,98.45236557016142,90.665816192466,90.73638877707643,0,4.80730972859031,9,0.26666666666666666,0.0,0.0,654.8585026449576,0.6013393045408243
391,0,3,9,12,455.9871623908879,198.01629391456376,0.4187209939310265,0.1818331440905085,15,0,14,1,4,0,20,0,16,4,14.783326329834354,78.22519930356826,2.3814536803035832e-11,285.1456619504979,0.2618417465110174,102.8203679653287,89.91276371577263,92.41253026939657,0,5.074960967543819,9,0.26666666666666666,0.0,0.0,654.0034563054517,0.600554138021535
393,0,3,9,12,454.952218399552,194.9549162482365,0.4177706321391662,0.17902196166045592,15,0,14,1,4,0,20,1,15,4,14.781846560681426,78.9606953174969,1.6670175762125084e-11,290.13457518950787,0.26642293405831763,99.21435201425453,89.48394769485284,101.4362754804005,0,5.329229644549653,9,0.26666666666666666,0.0,0.0,649.9071346477886,0.5967925937996221
395,0,3,9,12,454.542077336137,192.19967131403925,0.4173940104096759,0.17649189285035743,15,0,14,1,4,0,20,1,15,4,14.780396386911555,81.13148141114696,1.1669123033487557e-11,295.8352666932981,0.2716577288276383,103.59176704240298,89.2949872904914,102.94851236040365,0,5.095784887705196,9,0.26666666666666666,0.0,0.0,646.7417486501763,0.5938859032600333
397,0,3,9,12,449.147020777354,189.71994593944925,0.4124398721555133,0.17421482639067884,15,1,13,1,4,0,20,1,15,4,14.778975216617082,80.75885178292403,8.16838612344129e-12,301.751972027164,0.277090883404191,101.88409768973848,90.67695514239658,109.19091919502894,0,4.874012368702961,9,0.26666666666666666,0.0,0.0,638.8669667168033,0.5866546985461921
399,0,3,9,12,444.4337668167967,187.50515308170196,0.4081118152587665,0.17218104047906516,15,1,13,1,4,0,20,1,15,4,14.777582469728499,79.14367474726554,5.717870286408904e-12,307.7870114677073,0.28263270107227484,104.4286229276861,88.16091558265897,115.1974729573622,0,4.663328475650838,9,0.26666666666666666,0.0,0.0,631.9389198984986,0.5802928557378316
401,0,3,9,12,441.073363937868,185.5114954750054,0.4050260458566281,0.17035031724059266,15,1,13,1,4,0,20,1,15,4,14.776217577777686,78.71080125232022,4.002509200486232e-12,313.94275169706145,0.28828535509372033,100.96868173793143,91.84229861346674,121.13177134566325,0,4.700678777251321,9,0.26666666666666666,0.0,0.0,626.5848594128734,0.5753763630972207
403,0,3,9,12,438.5731348334214,183.71677647494897,0.4027301513621868,0.1687022740816795,15,1,13,1,4,0,20,1,15,4,14.77487998366589,79.43658522727382,2.8017564403403625e-12,320.2216067310027,0.29405106219559474,103.41422196652566,89.70972996179916,127.09765480267782,0,4.973661563771779,9,0.26666666666666666,0.0,0.0,622.2899113083704,0.5714324254438663
405,0,3,9,12,436.0107356412426,182.10102076394932,0.40037716771463966,0.16721856819462746,15,1,13,1,4,0,20,1,15,4,14.77356914143633,79.09785352272834,1.961229508238254e-12,326.6260388656227,0.2999320834395066,101.93779438990585,87.46172757719104,137.22651689852586,0,4.757995210966215,9,0.26666666666666666,0.0,0.0,618.111756405192,0.5675957359092672
407,0,3,9,12,438.3293914403218,177.27152218531972,0.40250632822802734,0.16278376692866825,15,1,13,1,4,0,20,1,16,3,14.77228451605136,82.51589645227378,1.3728606557667775e-12,332.75055964293523,0.3055560694609139,102.48699897469788,90.49980991387864,139.76375075435868,0,4.553112175800929,9,0.26666666666666666,0.0,0.0,615.6009136256415,0.5652900951566956
409,0,3,9,12,439.3781604445285,176.2996613945978,0.40346938516485625,0.16189133277740844,15,1,13,1,4,0,20,0,16,4,14.771025583174092,86.91557852322829,9.610024590367443e-13,338.7935708357939,0.3111052073790578,101.0509765968109,87.54836223870879,150.19423200027424,0,4.833473292393908,9,0.26666666666666666,0.0,0.0,615.6778218391263,0.5653607179422647
411,0,3,9,12,440.62007249994826,175.42468085439182,0.4046098002754346,0.16108786120697138,15,1,13,1,4,0,20,0,16,4,14.769791828954368,91.12726695276373,6.72701721325721e-13,345.1614422525098,0.31695265587925603,101.41650794416074,87.10042438941201,156.64450991893705,0,5.337316353157237,9,0.26666666666666666,0.0,0.0,616.0447533543401,0.565697661482406
413,0,3,9,12,442.2234462086913,174.63680865622138,0.40608213609613525,0.16036437893133276,15,1,13,1,4,0,20,0,16,4,14.768582749819037,95.45472161370846,4.708912049280046e-13,352.06467109756,0.3232917089968411,103.83231850546568,80.62105460492195,167.61129798717238,0,5.3409672608824,9,0.26666666666666666,0.0,0.0,616.8602548649127,0.566446515027468
415,0,3,9,12,443.37695880226784,173.9274317601226,0.4071413763106224,0.15971297682288577,15,1,13,1,4,0,20,0,16,4,14.767397852266415,98.44562718143429,3.296238434496033e-13,359.0039645195112,0.32966387926493224,102.40585644967277,82.29006614087596,174.30804192896244,0,5.344435623221305,9,0.26666666666666666,0.0,0.0,617.3043905623904,0.5668543531335082
417,0,3,9,12,443.59356630138564,173.28870647424327,0.40734028126849003,0.1591264522261187,15,1,13,1,4,0,20,0,16,4,14.766236652664844,98.9767146378056,2.307366904147223e-13,366.1840438099015,0.33625715685023094,105.01838568638276,83.57972132996818,177.5859367935505,0,5.110230567443264,9,0.26666666666666666,0.0,0.0,616.882272775629,0.5664667334946087
419,0,3,9,12,444.2218232729697,169.47357335914916,0.4079171930881264,0.15562311603227655,15,2,13,0,4,0,20,0,16,4,14.765098677055306,100.74718034504949,1.6151568329030561e-13,373.50772468609944,0.3429822999872355,105.65868855439118,83.48975082315195,184.3592853085563,0,4.887735764454126,9,0.26666666666666666,0.0,0.0,613.6953966321189,0.563540309120403
421,0,3,9,12,444.32608944559973,166.03967880491783,0.4080129379665746,0.1524698611615407,15,2,13,0,4,0,20,0,16,4,14.763983460957958,101.2322367381485,1.1306097830321392e-13,380.97787917982146,0.3498419459869802,106.3222163071891,87.11551040191303,187.5401524707193,0,4.676365701614444,9,0.26666666666666666,0.0,0.0,610.3657682505176,0.5604827991281154
423,0,3,9,12,444.2981297671593,166.188904450476,0.4079872633307248,0.15260689113909642,15,1,13,1,4,0,20,0,16,4,14.762890549182556,101.70759200338553,7.914268481224975e-14,388.5974367634179,0.35683878490671983,108.8367685332573,84.83388655996012,194.9267816702005,0,4.475564141916747,9,0.26666666666666666,0.0,0.0,610.4870342176353,0.5605941544698212
425,0,3,9,12,444.2283768601933,166.32294366095738,0.40792321107455765,0.1527299758135513,15,1,13,1,4,0,20,0,16,4,14.761819495642662,103.42344016331782,5.5399879368574835e-14,396.06338549868633,0.3636945688693171,111.72491182918722,86.02961109500892,198.3088625744901,0,4.284802660203935,9,0.26666666666666666,0.0,0.0,610.5513205211507,0.560653186888109
427,0,3,9,12,443.81641707369124,166.44332035728,0.4075449192595879,0.1528405145613223,15,1,13,1,4,0,20,0,16,4,14.760769863173568,105.10497136005147,3.877991555800238e-14,403.98465320866,0.3709684602467034,114.20441360538692,87.94009157265239,201.84014803062067,0,4.103579252576763,9,0.26666666666666666,0.0,0.0,610.2597374309712,0.5603854338209102
429,0,3,9,12,443.6861797327788,166.55140596272201,0.407425325741762,0.15293976672426263,15,1,13,1,4,0,20,0,16,4,14.759741223353855,108.00287193285044,2.7145940890601667e-14,412.06434627283323,0.3783878294516375,117.25682879947666,89.65365171596886,205.15386575738768,0,3.93141701533095,9,0.26666666666666666,0.0,0.0,610.2375856955008,0.5603650924660246
431,0,3,9,12,443.65300893857244,166.6484346547964,0.40739486587564044,0.15302886561505638,15,1,13,1,4,0,20,0,16,4,14.758733156330534,110.84281449419343,1.9002158623421167e-14,419.38763319828985,0.3851126108340586,118.02235252608895,92.85760262619118,208.50767804600974,0,3.7678628899474274,9,0.26666666666666666,0.0,0.0,610.3014435933688,0.5604237314906968
433,0,3,9,12,443.71491260016023,166.7355170918964,0.40745171037663935,0.15310883112203527,15,1,13,1,4,1,20,0,16,4,14.757745250647682,113.62595820430955,1.3301511036394817e-14,426.2453858622557,0.3914099043730539,119.12372915761267,91.73880838885982,215.38284831578318,0,3.612486470833081,9,0.26666666666666666,0.06666666666666667,0.0,610.4504296920567,0.5605605414986746
435,0,3,9,12,447.9004420604445,163.43865276723486,0.4112951717726763,0.15008140749975651,15,1,13,1,4,1,20,0,17,3,14.756777103078486,116.35343904022338,9.311057725476372e-15,433.0362935795008,0.39764581595913756,117.74406380573848,96.91863756051474,218.37359221324758,0,3.4648788726744515,9,0.26666666666666666,0.06666666666666667,0.0,611.3390948276793,0.5613765792724328
437,0,3,9,12,451.34123119706555,160.4712411273489,0.4144547577567177,0.1473565115953617,15,1,13,1,4,1,20,0,17,3,14.755828318460674,119.02637025941891,6.517740407833461e-15,439.8610194510908,0.40391278186509716,116.4784637034656,102.59718236456972,220.78537338305554,0,3.324651654423754,9,0.26666666666666666,0.06666666666666667,0.0,611.8124723244144,0.5618112693520794
439,0,3,9,12,454.13472151474826,157.80034157871478,0.4170199462945347,0.1449038949299493,15,1,13,1,4,2,20,0,17,3,14.754898509535218,121.64584285423052,4.5624182854834234e-15,447.0262398401127,0.4104924149128675,115.41887320675099,104.32139903063474,227.2859676027269,0,3.191435797085591,9,0.26666666666666666,0.13333333333333333,0.0,611.935063093463,0.561923841224484
441,0,3,9,12,456.01131604357647,155.39630749366205,0.41874317359373414,0.14269633378665017,15,1,13,1,4,2,20,0,17,3,14.75398729678827,122.96292599714592,3.1936927998383962e-15,454.13076463691493,0.4170163127979017,117.99702082892317,105.94364205541491,230.19010175257688,0,3.0648807326143364,9,0.26666666666666666,0.13333333333333333,0.0,611.4076235372386,0.5614395073803843
443,0,3,9,12,457.9138408900035,153.2324568156582,0.4204902120202052,0.1407093267361416,15,1,13,1,4,2,20,0,17,3,14.753094308296264,124.22925163083416,2.2355849598868776e-15,461.6833799296532,0.42395168037617376,120.85049158571452,104.28297480633984,236.54991353759888,0,2.9446534213666444,9,0.26666666666666666,0.13333333333333333,0.0,611.1462977056617,0.5611995387563468
445,0,3,9,12,459.38106547336514,151.2847756040275,0.421837525687204,0.1389208224095753,15,1,13,1,4,2,20,0,17,3,14.752219179574096,125.24466659821748,1.5649094719208141e-15,469.38704752824634,0.43102575530601134,123.66438439733258,101.5603913576348,244.1622717732789,0,2.8304374756813373,9,0.26666666666666666,0.13333333333333333,0.0,610.6658410773927,0.5607583480967793
447,0,3,9,12,459.7558452848272,149.53165122416118,0.4221816761109525,0.13731097449417923,15,1,13,1,4,2,20,0,17,3,14.751361553426372,125.23977326625312,1.0954366303445698e-15,477.04078847881124,0.4380539839107541,122.99524072019668,106.53831774337587,247.5072300152387,0,2.7219323272802955,9,0.26666666666666666,0.13333333333333333,0.0,609.2874965089884,0.5594926506051316
449,0,3,9,12,464.5860892758742,147.95363221867078,0.4266171618694896,0.1358619212292661,15,0,14,1,4,2,20,0,17,3,14.750521079801603,126.48497780092806,7.668056412411989e-16,485.5616042483874,0.44587842447051185,118.23234702466516,116.16656106584844,251.16269615787385,0,2.6188524362993055,9,0.26666666666666666,0.13333333333333333,0.0,612.539721494545,0.5624790830987557
451,0,3,9,12,468.8819348568081,146.52340911120223,0.4305619236517981,0.13454858504242628,15,0,14,1,4,1,20,0,17,3,14.749697415649328,127.97067824490951,5.367639488688393e-16,495.1708363333552,0.45470232904807645,119.15571839912576,116.23142873850634,259.7836891957231,0,2.9959265398673653,9,0.26666666666666666,0.06666666666666667,0.0,615.4053439680104,0.5651105086942243
453,0,3,9,12,472.354042372833,145.23620551219258,0.43375026847826725,0.13336657990100328,15,0,14,1,4,2,20,0,17,3,14.7488902247801,128.7112646800113,3.757347642081875e-16,505.07425306002233,0.46379637562903797,117.81529189927629,118.6382563237353,268.6207048370107,0,3.354146938257022,9,0.26666666666666666,0.13333333333333333,0.0,617.5902478850256,0.5671168483792706
455,0,3,9,12,474.4389472959053,144.07771952684166,0.4356647817225944,0.1323027727519207,15,0,14,1,4,1,20,0,17,3,14.748099177728255,128.18703938641107,2.630143349457312e-16,515.1757381212227,0.47307230314161863,116.88022735344398,120.60450370011232,277.6910070676665,0,3.551956316727196,9,0.26666666666666666,0.06666666666666667,0.0,618.516666822747,0.5679675544745151
457,0,3,9,12,474.9415902464103,143.03507944870847,0.43612634549716284,0.1313453438463806,15,0,14,1,4,1,20,0,17,3,14.747323951617448,125.42329859868286,1.8411003446201187e-16,525.4792528836472,0.482533749204451,119.96921613425582,111.01136032706583,294.49867642232556,0,3.882375226273861,9,0.26666666666666666,0.06666666666666667,0.0,617.9766696951187,0.5674716893435434
459,0,3,9,12,475.11749595862057,142.09670074089757,0.43628787507678657,0.130483655409456,15,0,14,1,4,1,20,0,17,3,14.746564230028858,122.7148326267092,1.288770241234083e-16,535.9888379413203,0.4921844241885402,120.81345489873425,111.26215221269582,303.91323082989015,0,4.1962731903431925,9,0.26666666666666666,0.06666666666666667,0.0,617.2141966995182,0.5667715304862426
461,0,3,9,12,475.29029605315895,141.25215731912658,0.4364465528495491,0.12970813344272414,15,0,14,1,4,1,20,0,17,3,14.745819702872037,120.16053597417502,9.021391688638581e-17,546.7086147001465,0.5020281126723108,123.66401551759466,98.15377970774969,324.89081947480224,0,4.256976256209058,9,0.26666666666666666,0.06666666666666667,0.0,616.5424533722855,0.5661546862922733
463,0,3,9,12,476.2553589430645,140.49206570648633,0.43733274466764416,0.12901016134663576,15,0,14,1,4,1,20,0,17,3,14.745090066258355,120.0573252546915,6.314974182047007e-17,557.6427869941496,0.5120686749257571,122.42240457276526,108.63652368787362,326.5838587335107,0,4.55214416878163,9,0.26666666666666666,0.06666666666666667,0.0,616.7474246495508,0.56634290601428
465,0,3,9,12,476.63315681916407,139.80910577272462,0.4376796665006098,0.12838301723849826,15,0,14,1,4,1,20,0,17,3,14.744375022376946,118.60617874959767,4.420481927432905e-17,568.7956427340326,0.5223100484242724,119.82504323077217,116.61812498926773,332.3524745139927,0,4.927553685725574,9,0.26666666666666666,0.06666666666666667,0.0,616.4422625918887,0.5660626837391081
467,0,3,9,12,476.80732443908727,139.19554189960135,0.4378396000358928,0.12781959770394982,15,0,14,1,4,1,20,0,17,3,14.743674279373165,117.28405517460573,3.094337349203033e-17,580.1715555887132,0.5327562493927578,122.62379034818694,115.36274400646772,342.1850212340586,0,5.18919272682232,9,0.26666666666666666,0.06666666666666667,0.0,616.0028663386886,0.5656591977398426
469,0,3,9,12,476.97933618735067,138.64441247970746,0.43799755389104744,0.12731351008237599,15,0,14,1,4,0,20,0,17,3,14.74298755122946,115.9883740711136,2.1660361444421235e-17,591.7749867004875,0.5434113743806129,123.79994684748343,123.06160845925106,344.91343139375306,0,5.437749815864229,9,0.26666666666666666,0.0,0.0,615.6237486670582,0.5653110639734235
471,0,3,9,12,476.89823967307973,138.1483275064016,0.43792308509924677,0.12685796832543766,15,0,14,1,4,0,20,0,17,3,14.742314557648628,113.46860658969132,1.5162253011094865e-17,603.6104864344973,0.5542796018682252,122.91347962802114,130.32754255652944,350.36946424994676,0,5.531379050454042,9,0.26666666666666666,0.0,0.0,615.0465671794814,0.5647810534246844
473,0,3,9,12,477.723306935583,137.70178390493302,0.43868072262220664,0.1264479191046217,15,0,14,1,4,0,20,0,17,3,14.741655023939412,113.4992344578975,1.0613577107766406e-17,615.5806961631872,0.565271529993744,120.1382590057817,126.9747223388355,368.46771481857,0,5.762826823314365,9,0.26666666666666666,0.0,0.0,615.4250908405161,0.5651286417268283
475,0,3,9,12,479.2408894580914,137.29982888062787,0.4400742786575678,0.12607881439910731,15,0,14,1,4,0,20,0,17,3,14.741008680904383,116.02924976873955,7.429503975436483e-18,627.3823100864511,0.5761086410343903,123.20415333111822,120.65263164105441,383.52552511427837,0,5.982702207531672,9,0.26666666666666666,0.0,0.0,616.5407183387192,0.5661530930566752
477,0,3,9,12,480.65633683538636,136.9380048914295,0.44137404668079555,0.1257465609655,15,0,14,1,4,0,20,0,17,3,14.740375264730053,118.70866477336476,5.2006527828055395e-18,639.11395628818,0.5868815025603122,123.99991225298997,120.60998508140055,394.5040589537894,0,5.716583822538113,9,0.26666666666666666,0.0,0.0,617.5943417268159,0.5671206076462956
479,0,3,9,12,482.7228406168055,136.61230012317367,0.4432716626416947,0.1254474748605819,15,0,14,1,4,1,20,0,17,3,14.73975451687921,123.83449147789746,3.6404569479638776e-18,650.9782354139436,0.5977761574049069,125.1193183430718,117.1957702247501,408.66314684612166,0,5.463771356794232,9,0.26666666666666666,0.06666666666666667,0.0,619.3351407399791,0.5687191375022767
481,0,3,9,12,484.84821923152515,133.08022891732566,0.4452233418103996,0.12220406695805845,15,1,14,0,4,1,20,0,17,3,14.739146183985383,129.67751531151248,2.5483198635747144e-18,663.0798001222224,0.6088887053463934,120.3980230674272,118.33443871622376,424.3473383385715,0,5.461099514337545,9,0.26666666666666666,0.06666666666666667,0.0,617.9284481488507,0.567427408768458
483,0,2,9,11,484.35369461494497,129.90240665593308,0.4447692328879201,0.11928595652519107,15,1,14,0,5,2,20,0,17,3,9.770683926409792,138.1228217041364,1.7838239045023e-18,676.2393961246669,0.6209728155414755,121.54851394831556,118.34771145057205,436.34317072577926,0,5.2100611633979605,8,0.3333333333333333,0.13333333333333333,0.0,614.256101270878,0.5640551894131112
485,0,2,9,11,481.0039236224453,127.04338760807295,0.4416932264668919,0.11666059468142603,15,1,14,0,5,1,20,0,17,3,9.770099683498561,140.11036527005368,1.24867673315161e-18,689.2541840471604,0.6329239522930765,122.76127350782713,119.06585761916281,447.4270529201703,0,4.9820248255808,8,0.3333333333333333,0.06666666666666667,0.0,608.0473112305183,0.5583538211483179
487,0,2,9,11,478.7590474698359,124.47127103264415,0.43963181585843514,0.11429868781693678,15,1,14,0,5,2,20,0,17,3,9.769527125445554,143.1081579646526,8.740737132061272e-19,700.2852677281035,0.6430535057191032,123.48916420220682,122.56058944567178,454.2355140802249,0,5.240390304654499,8,0.3333333333333333,0.13333333333333333,0.0,603.23031850248,0.5539305036753719
489,0,2,9,11,480.4494331763107,122.15847167105068,0.4411840525034993,0.11217490511574901,15,0,15,0,5,2,20,0,17,3,9.76896601855361,145.04599480535956,6.11851599244289e-19,711.8429730826656,0.6536666419491879,128.01284658719902,122.75606234779106,461.0740641476755,0,5.485837509774512,8,0.3333333333333333,0.13333333333333333,0.0,602.6079048473614,0.5533589576192484
491,0,2,9,11,481.75558333689287,120.06762450394564,0.442383455773088,0.11025493526533116,15,0,15,0,5,3,20,0,17,3,9.768416133799501,146.94507490925236,4.2829611947100226e-19,724.447832544319,0.66524135219864,127.3503662656,120.73503441162413,476.36243186709476,0,5.719012354638524,8,0.3333333333333333,0.2,0.0,601.8232078408384,0.5526383910384192
493,0,2,9,11,483.14602272944177,118.18586205355105,0.4436602596229952,0.10852696239995505,15,0,15,0,5,3,20,0,17,3,9.767877246740477,150.0561734110673,2.998072836297016e-19,736.8967891952052,0.6766729010056981,128.3984431364448,125.29097898437284,483.2073670743876,0,5.940528457259337,8,0.3333333333333333,0.2,0.0,601.3318847829928,0.5521872220229502
495,0,2,9,11,489.7808631222823,116.49227584819593,0.4497528586981472,0.10697178682111656,15,0,15,0,5,2,20,0,17,3,9.767349137422633,156.85504994284597,2.0986509854079112e-19,749.1867249791094,0.6879584251415146,133.57632822587033,121.5738106341775,494.0365861190616,0,6.150968754749107,8,0.3333333333333333,0.13333333333333333,0.0,606.2731389704783,0.5567246455192637
497,0,2,9,11,495.12841453778015,114.96804826337635,0.45466337423120307,0.10557212880016194,15,0,15,0,5,3,20,0,17,3,9.766831590291146,163.11794894398903,1.4690556897855379e-19,759.5804594786916,0.6975027176112871,131.00583311548553,128.29411734740154,500.2805090158046,0,7.30088703736439,8,0.3333333333333333,0.2,0.0,610.0964628011565,0.560235503031365
499,0,2,9,11,499.4740195893793,113.59624343703872,0.45865382882403977,0.10431243658130278,15,0,15,0,5,3,20,0,17,3,9.766324394102288,169.45558996510925,1.0283389828498765e-19,768.5500686682656,0.7057392733409233,130.6024617289572,128.5362221956213,509.41138474368694,0,7.918309405848909,8,0.3333333333333333,0.2,0.0,613.070263026418,0.5629662654053426
501,1,2,8,11,502.9147801434755,112.36161909333484,0.46181338856150184,0.1031787135843295,15,0,15,0,5,3,20,0,17,3,10.357827341837206,174.27511005929958,7.198372879949135e-20,777.4950700416307,0.7139532323614607,135.52426289469184,128.10209105752503,513.8687160894139,0,8.504860655909201,8,0.3333333333333333,0.2,0.0,615.2763992368103,0.5649921021458313
503,1,2,8,11,506.0712442028279,111.25045718400136,0.4647118863203195,0.10215836288705359,15,0,15,0,5,3,20,0,17,3,10.445500230617426,180.33960785811357,0.1,786.7209714424636,0.7224251344742548,138.4336456859369,133.63651464799207,514.6508111085345,0,8.58708434346648,8,0.3333333333333333,0.2,0.0,617.3217013868293,0.5668702492073731
505,1,2,8,11,506.04126704854883,110.2517614656012,0.4646843590895765,0.10124128692892673,15,0,15,0,5,4,20,0,17,3,10.531419661622044,185.2328157009513,0.17,797.8653908713127,0.732658761130682,135.74396419816802,140.78505947521518,521.3363671979296,0,8.190196846645893,8,0.3333333333333333,0.26666666666666666,0.0,616.29302851415,0.5659256460185033
